,area_mean,concavity_mean,area_se,concavity_worst,symmetry_worst,texture_mean,symmetry_mean,smoothness_se,fractal_dimension_se,smoothness_worst,concavity_se
0,"[[0.36373277]
 [0.50159067]
 [0.44941676]
 [0.10290562]
 [0.4892895 ]
 [0.14150583]
 [0.38027572]
 [0.18426299]
 [0.15961824]
 [0.14099682]
 [0.27753977]
 [0.27041357]
 [0.4154825 ]
 [0.27113468]
 [0.18443266]
 [0.218579  ]
 [0.22948038]
 [0.27796394]
 [0.47359491]
 [0.17934252]
 [0.15970308]
 [0.05531283]
 [0.23792153]
 [0.53467656]
 [0.32284199]
 [0.32627784]
 [0.21264051]
 [0.40318134]
 [0.24979852]
 [0.34426299]
 [0.40063627]
 [0.12602333]
 [0.32059385]
 [0.43202545]
 [0.28152704]
 [0.30795334]
 [0.20763521]
 [0.16131495]
 [0.23554613]
 [0.17633086]
 [0.17794274]
 [0.09654295]
 [0.40742312]
 [0.17039236]
 [0.16458112]
 [0.39554613]
 [0.024772  ]
 [0.16589608]
 [0.12971368]
 [0.17709438]
 [0.12063627]
 [0.1816755 ]
 [0.1247508 ]
 [0.37730647]
 [0.24148462]
 [0.1126193 ]
 [0.42778367]
 [0.21777306]
 [0.16275716]
 [0.03435843]
 [0.0714316 ]
 [0.03321315]
 [0.21302227]
 [0.04979852]
 [0.15079533]
 [0.2226087 ]
 [0.05340403]
 [0.10629905]
 [0.04538706]
 [0.15227996]
 [0.41845175]
 [0.0426299 ]
 [0.33336161]
 [0.1868929 ]
 [0.13887593]
 [0.28598091]
 [0.17633086]
 [0.36585366]
 [0.46723224]
 [0.15389183]
 [0.10943796]
 [0.15970308]
 [0.73573701]
 [0.41930011]
 [0.12716861]
 [0.39512195]
 [0.21408271]
 [0.39554613]
 [0.13683987]
 [0.21565217]
 [0.2202333 ]
 [0.24801697]
 [0.17314952]
 [0.17459173]
 [0.23843054]
 [0.47529162]
 [0.1304772 ]
 [0.0640509 ]
 [0.11414634]
 [0.2116649 ]
 [0.18629905]
 [0.        ]
 [0.13370095]
 [0.06566278]
 [0.08169671]
 [0.16402969]
 [0.11410392]
 [0.13709438]
 [0.57921527]
 [0.10731707]
 [0.06222694]
 [0.14290562]
 [0.20632025]
 [0.08089077]
 [0.03707317]
 [0.12517497]
 [0.04313892]
 [0.22863203]
 [0.27109226]
 [0.35567338]
 [0.11020148]
 [0.39597031]
 [0.68610817]
 [0.21090138]
 [0.17391304]
 [0.18884411]
 [0.18201485]
 [0.42184517]
 [0.2252386 ]
 [0.4447508 ]
 [0.13247084]
 [0.25679745]
 [0.2826299 ]
 [0.26222694]
 [0.39512195]
 [0.15389183]
 [0.1188123 ]
 [0.10871686]
 [0.22676564]
 [0.10235419]
 [0.06150583]
 [0.28398727]
 [0.10795334]
 [0.15639449]
 [0.08984093]
 [0.12271474]
 [0.1223754 ]
 [0.23160127]
 [0.21064687]
 [0.18727466]
 [0.15944857]
 [0.02562036]
 [0.06646872]
 [0.10112407]
 [0.16772004]
 [0.13437964]
 [0.34791092]
 [0.31249205]
 [0.12941676]
 [0.09471898]
 [0.11720042]
 [0.42990456]
 [0.45408271]
 [0.13616119]
 [0.6542948 ]
 [0.2318982 ]
 [0.09081654]
 [0.31507953]
 [0.35677625]
 [0.23007423]
 [0.13599152]
 [0.17896076]
 [0.25170732]
 [0.09722163]
 [0.08742312]
 [0.03550371]
 [0.06740191]
 [0.29242842]
 [0.16241782]
 [0.15495228]
 [0.89353128]
 [0.495228  ]
 [0.26430541]
 [0.10965005]
 [0.24055143]
 [0.073807  ]
 [0.38069989]
 [0.11741251]
 [0.12106045]
 [0.13582185]
 [0.19783669]
 [0.15435843]
 [0.06133616]
 [0.14163309]
 [0.22392365]
 [0.15817603]
 [0.18892895]
 [0.37348887]
 [0.42608696]
 [0.21174973]
 [0.13467656]
 [0.34277837]
 [0.65387063]
 [0.19270414]
 [0.14354189]
 [0.2430965 ]
 [0.06443266]
 [0.32271474]
 [0.16369035]
 [0.24687169]
 [0.48632025]
 [0.12067869]
 [0.99915164]
 [0.34125133]
 [0.19817603]
 [0.18468717]
 [0.12246023]
 [0.07537646]
 [0.46086957]
 [0.45790032]
 [0.18044539]
 [0.17722163]
 [0.07194062]
 [0.26205726]
 [0.17090138]
 [0.21111347]
 [0.07893955]
 [0.22948038]
 [0.14969247]
 [0.15257688]
 [0.31876988]
 [0.10697773]
 [0.10320255]
 [0.49862142]
 [0.05773065]
 [0.19507953]
 [0.64750795]
 [0.4931071 ]
 [0.20377519]
 [0.32962884]
 [0.18316013]
 [0.14125133]
 [0.10430541]
 [0.18939555]
 [0.4290562 ]
 [0.0823754 ]
 [0.16886532]
 [0.15639449]
 [0.08632025]
 [0.11147402]
 [0.51770944]
 [0.11194062]
 [0.45068929]
 [0.3328526 ]
 [0.4349947 ]
 [0.19465536]
 [0.45111347]
 [0.24169671]
 [0.26723224]
 [0.25510074]
 [0.4854719 ]
 [0.33493107]
 [0.34116649]
 [0.26091198]
 [0.33289502]
 [0.54103924]
 [0.08606575]
 [0.17709438]
 [0.15639449]
 [0.08542948]
 [0.20746554]
 [0.10371156]
 [0.57158006]
 [0.06209968]
 [0.36284199]
 [0.12390244]
 [0.10735949]
 [0.40657476]
 [0.18188759]
 [0.18829268]
 [0.42184517]
 [0.12038176]
 [0.42481442]
 [0.28063627]
 [0.15826087]
 [0.14655355]
 [0.126193  ]
 [0.15796394]
 [0.10629905]
 [0.10710498]
 [0.21527041]
 [0.23066808]
 [0.15703075]
 [0.12267232]
 [0.1478685 ]
 [0.18629905]
 [0.09340403]
 [0.12199364]
 [0.20767762]
 [0.08089077]
 [0.45535525]
 [0.1390456 ]
 [0.46808059]
 [0.08093319]
 [0.11011665]
 [0.11609756]
 [0.16704136]
 [0.04360551]
 [0.17930011]
 [0.16419936]
 [0.11673383]
 [0.22116649]
 [0.15295864]
 [0.11266172]
 [0.03295864]
 [0.14341463]
 [0.13484624]
 [0.3747614 ]
 [0.04284199]
 [0.14159067]
 [0.07664899]
 [0.4795334 ]
 [0.15325557]
 [0.47529162]
 [0.13336161]
 [0.14693531]
 [0.20063627]
 [0.12831389]
 [0.2842842 ]
 [0.28984093]
 [0.27558855]
 [0.15715801]
 [0.10341463]
 [0.10455992]
 [0.13611877]
 [0.32878049]
 [0.15728526]
 [0.40233298]
 [0.07096501]
 [0.68016967]
 [0.21111347]
 [0.05811241]
 [0.09773065]
 [0.44559915]
 [0.11741251]
 [0.07554613]
 [0.12801697]
 [0.22277837]
 [0.10994698]
 [0.12012725]
 [0.11770944]
 [0.26091198]
 [0.79172853]
 [0.2430965 ]
 [0.10226935]
 [0.14519618]
 [0.15630965]
 [0.19096501]
 [0.04135737]
 [0.05730647]
 [0.14778367]
 [0.17077413]
 [0.14977731]
 [0.29463415]
 [0.17344645]
 [0.48759279]
 [0.46256628]
 [0.1335737 ]
 [0.59490986]
 [0.56776246]
 [0.29560976]
 [0.24106045]
 [0.52704136]
 [0.50540827]
 [0.184772  ]
 [0.27359491]
 [0.0826299 ]
 [0.17756098]
 [0.18540827]
 [0.09251326]
 [0.10299046]
 [0.09722163]
 [0.12907741]
 [0.1354825 ]
 [0.16895016]
 [0.22108165]
 [0.13510074]
 [0.19219512]
 [0.10540827]
 [0.43711559]
 [0.07554613]
 [0.03851538]
 [0.25501591]
 [0.5359491 ]
 [0.12839873]
 [0.19749735]
 [0.17586426]
 [0.15474019]
 [0.09955461]
 [0.12233298]
 [0.36076352]
 [0.1269141 ]
 [0.1619088 ]
 [0.15444327]
 [0.13811241]
 [0.09607635]
 [0.27847296]
 [0.1573701 ]
 [0.35978791]
 [0.13683987]
 [0.10871686]
 [0.09743372]
 [0.05314952]
 [0.23338282]
 [0.24432662]
 [0.12313892]
 [0.05416755]
 [0.27978791]
 [0.14909862]
 [0.10044539]
 [0.11291622]
 [0.21743372]
 [0.11227996]
 [0.18316013]
 [0.06201485]
 [0.06948038]
 [0.08063627]
 [0.09179215]
 [0.10078473]
 [0.15177094]
 [0.22969247]
 [0.13756098]
 [0.46935313]
 [0.40996819]
 [0.22489926]
 [0.19342524]
 [0.15512195]
 [0.19838812]
 [0.19049841]
 [0.19639449]
 [0.09671262]
 [0.3331071 ]
 [0.18765642]
 [0.08373277]
 [0.35906681]
 [0.12632025]
 [0.35550371]
 [0.22536585]
 [0.21896076]
 [0.526193  ]
 [0.1223754 ]
 [0.44432662]
 [0.12682927]
 [0.212386  ]
 [0.14820785]
 [0.1754825 ]
 [0.11520679]
 [0.16729586]
 [0.15978791]
 [0.06252386]
 [0.33399788]
 [1.        ]
 [0.21319194]
 [0.11418876]
 [0.16704136]
 [0.16941676]
 [0.16687169]
 [0.06057264]
 [0.35503712]
 [0.11253446]
 [0.06176034]
 [0.12996819]
 [0.23049841]
 [0.13654295]
 [0.09136797]
 [0.15414634]
 [0.20144221]
 [0.19338282]
 [0.11088017]
 [0.28517497]
 [0.13225875]
 [0.19486744]
 [0.17085896]
 [0.18137858]
 [0.25607635]
 [0.14133616]
 [0.22163309]
 [0.43414634]
 [0.11749735]
 [0.30290562]
 [0.13700954]
 [0.35995758]
 [0.36627784]
 [0.14159067]
 [0.16763521]
 [0.22795334]
 [0.14511135]
 [0.14277837]
 [0.3921527 ]
 [0.4990456 ]
 [0.23155885]
 [0.1918982 ]
 [0.14116649]
 [0.65259809]
 [0.04462354]
 [0.05471898]
 [0.13132556]
 [0.09459173]
 [0.28687169]
 [0.24933192]
 [0.11983033]
 [0.2278685 ]
 [0.17527041]
 [0.218579  ]
 [0.23686108]
 [0.10506893]
 [0.38536585]
 [0.45408271]
 [0.14829268]
 [0.14858961]
 [0.04848356]
 [0.72004242]
 [0.10375398]
 [0.18133616]
 [0.06349947]
 [0.03300106]
 [0.17289502]
 [0.1378579 ]
 [0.19117709]
 [0.12797455]
 [0.11851538]
 [0.11567338]
 [0.18324496]
 [0.49013786]
 [0.09420997]
 [0.49395546]
 [0.20627784]
 [0.11151644]
 [0.01497349]
 [0.01141039]
 [0.11003181]
 [0.21756098]
 [0.22273595]
 [0.16750795]
 [0.18718982]
 [0.18226935]
 [0.07694592]
 [0.07520679]
 [0.06031813]
 [0.09251326]
 [0.09204666]
 [0.09963945]
 [0.15457052]
 [0.05111347]
 [0.15728526]
 [0.07546129]
 [0.07134677]
 [0.05420997]
 [0.2178579 ]
 [0.11028632]
 [0.193807  ]
 [0.1028632 ]
 [0.24322375]
 [0.51049841]
 [0.56648993]
 [0.47401909]
 [0.30311771]
 [0.4757158 ]
 [0.01590668]]","[[0.70313964]
 [0.20360825]
 [0.46251172]
 [0.5656045 ]
 [0.46391753]
 [0.36972821]
 [0.26405811]
 [0.21944705]
 [0.43556701]
 [0.53256795]
 [0.07729616]
 [0.23322399]
 [0.48383318]
 [0.23284911]
 [0.49859419]
 [0.38402062]
 [0.17326617]
 [0.40346767]
 [0.34653233]
 [0.15613871]
 [0.10702905]
 [0.06925961]
 [0.4866448 ]
 [0.25702905]
 [0.35731022]
 [0.52225867]
 [0.33388004]
 [0.34910965]
 [0.3943299 ]
 [0.23137301]
 [0.54334583]
 [0.28537957]
 [0.5663074 ]
 [0.38823805]
 [0.31724461]
 [0.3158388 ]
 [0.30904405]
 [0.06002812]
 [0.05618557]
 [0.24906279]
 [0.07286785]
 [0.24461106]
 [0.49367385]
 [0.23071696]
 [0.19350984]
 [0.46251172]
 [0.03720712]
 [0.28725398]
 [0.15445173]
 [0.11131678]
 [0.03882381]
 [0.04350984]
 [0.04620431]
 [0.41518276]
 [0.12307873]
 [0.07113402]
 [0.30998126]
 [0.3029522 ]
 [0.00162137]
 [0.0482896 ]
 [0.02539831]
 [0.07029053]
 [0.5002343 ]
 [0.14029991]
 [0.26429241]
 [0.29686036]
 [0.05089035]
 [0.08690253]
 [0.73336457]
 [0.08559044]
 [0.25304592]
 [0.20164011]
 [0.39643861]
 [0.18249766]
 [0.07900656]
 [0.22888941]
 [0.16112933]
 [0.3945642 ]
 [0.87956888]
 [0.09111996]
 [0.10756795]
 [0.27389878]
 [0.78233365]
 [0.45384255]
 [0.09725867]
 [0.31279288]
 [0.28209934]
 [0.34395501]
 [0.14093252]
 [0.23350515]
 [0.07268041]
 [0.2628866 ]
 [0.07640581]
 [0.09311153]
 [0.39831303]
 [0.34325211]
 [0.05834114]
 [0.01600047]
 [0.09831303]
 [0.21996251]
 [0.20208529]
 [0.        ]
 [0.05583411]
 [0.14418932]
 [0.07017338]
 [0.48523899]
 [0.16565136]
 [0.06192596]
 [0.99906279]
 [0.1202671 ]
 [0.10154639]
 [0.2495314 ]
 [0.70360825]
 [0.15173383]
 [0.0968135 ]
 [0.07797563]
 [0.21703374]
 [0.39597001]
 [0.4997657 ]
 [0.17087629]
 [0.08228679]
 [0.34137769]
 [1.        ]
 [0.20716963]
 [0.189597  ]
 [0.03327085]
 [0.12382849]
 [0.21722118]
 [0.26663543]
 [0.59629803]
 [0.06689316]
 [0.34348641]
 [0.24437676]
 [0.16717432]
 [0.27014995]
 [0.11037957]
 [0.0841612 ]
 [0.08207591]
 [0.36059044]
 [0.10859888]
 [0.        ]
 [0.22134489]
 [0.04758669]
 [0.11466729]
 [0.05274133]
 [0.08692596]
 [0.38870665]
 [0.21204311]
 [0.19885192]
 [0.06750234]
 [0.07347704]
 [0.30951265]
 [0.96251172]
 [0.04643861]
 [0.21773664]
 [0.09102624]
 [0.4346298 ]
 [0.12066542]
 [0.04620431]
 [0.00723993]
 [0.16033271]
 [0.27952202]
 [0.58762887]
 [0.12582006]
 [0.31021556]
 [0.04561856]
 [0.05930178]
 [0.19732896]
 [0.50585754]
 [0.06096532]
 [0.09341612]
 [0.13725398]
 [0.47610122]
 [0.05536551]
 [0.        ]
 [0.        ]
 [0.30623243]
 [0.42010309]
 [0.00373711]
 [0.02153936]
 [0.67268041]
 [0.58270853]
 [0.15447516]
 [0.14482193]
 [0.12593721]
 [0.0037418 ]
 [0.19140112]
 [0.08924555]
 [0.05513121]
 [0.0900656 ]
 [0.46415183]
 [0.07291471]
 [0.        ]
 [0.25421743]
 [0.39761012]
 [0.09074508]
 [0.32450797]
 [0.25843486]
 [0.26101218]
 [0.2764761 ]
 [0.09810216]
 [0.24273664]
 [0.82544517]
 [0.36504217]
 [0.18755858]
 [0.17689784]
 [0.04114339]
 [0.16283974]
 [0.2039597 ]
 [0.13805061]
 [0.38425492]
 [0.06253515]
 [0.75      ]
 [0.3940956 ]
 [0.26124649]
 [0.23198219]
 [0.15548266]
 [0.13528585]
 [0.29803187]
 [0.26827554]
 [0.09109653]
 [0.1841612 ]
 [0.04142455]
 [0.26874414]
 [0.08327085]
 [0.13411434]
 [0.01556467]
 [0.15241331]
 [0.12741331]
 [0.39714152]
 [0.4475164 ]
 [0.03826148]
 [0.01163777]
 [0.36410497]
 [0.03870665]
 [0.03425492]
 [0.45688847]
 [0.21185567]
 [0.25843486]
 [0.33200562]
 [0.11023899]
 [0.02467198]
 [0.36269916]
 [0.11005155]
 [0.48008435]
 [0.11319119]
 [0.10159325]
 [0.32193065]
 [0.05574039]
 [0.10140581]
 [0.63542643]
 [0.06180881]
 [0.5663074 ]
 [0.29662605]
 [0.32310216]
 [0.22935801]
 [0.41799438]
 [0.57357076]
 [0.74414246]
 [0.41026242]
 [0.3559044 ]
 [0.06773664]
 [0.22720244]
 [0.09861762]
 [0.21230084]
 [0.32029053]
 [0.14964855]
 [0.09540769]
 [0.09137769]
 [0.19793814]
 [0.01698688]
 [0.07649953]
 [0.51429241]
 [0.02584349]
 [0.13352858]
 [0.13891753]
 [0.00348407]
 [0.18791003]
 [0.04679007]
 [0.10494377]
 [0.45009372]
 [0.05260075]
 [0.3809747 ]
 [0.45641987]
 [0.26124649]
 [0.00435801]
 [0.15402999]
 [0.0529522 ]
 [0.21729147]
 [0.056209  ]
 [0.31911903]
 [0.13917526]
 [0.14421275]
 [0.06298032]
 [0.03017807]
 [0.02490628]
 [0.0289597 ]
 [0.06291003]
 [0.05798969]
 [0.05845829]
 [0.51476101]
 [0.16002812]
 [0.53491097]
 [0.05381912]
 [0.07835052]
 [0.04625117]
 [0.00342315]
 [0.00862465]
 [0.00646204]
 [0.01068182]
 [0.03708997]
 [0.03390347]
 [0.09493908]
 [0.03202905]
 [0.        ]
 [0.01048032]
 [0.02631209]
 [0.26476101]
 [0.46274602]
 [0.0314433 ]
 [0.15759138]
 [0.27061856]
 [0.08903468]
 [0.60098407]
 [0.04671978]
 [0.07481256]
 [0.04135426]
 [0.00362231]
 [0.34629803]
 [0.4215089 ]
 [0.28209934]
 [0.16651828]
 [0.01172915]
 [0.0022814 ]
 [0.01817245]
 [0.35332709]
 [0.08758201]
 [0.24835989]
 [0.05883318]
 [0.54076851]
 [0.18760544]
 [0.19732896]
 [0.12645267]
 [0.43650422]
 [0.09386129]
 [0.08390347]
 [0.01759606]
 [0.10796626]
 [0.06061387]
 [0.02743674]
 [0.01946111]
 [0.68275539]
 [0.7891284 ]
 [0.2893627 ]
 [0.10555295]
 [0.24133083]
 [0.225     ]
 [0.03519213]
 [0.11061387]
 [0.06349578]
 [0.00279756]
 [0.07835052]
 [0.06298032]
 [0.1373477 ]
 [0.05110122]
 [0.22959231]
 [0.38448922]
 [0.10290534]
 [0.27366448]
 [0.57357076]
 [0.42432052]
 [0.07949859]
 [0.45267104]
 [0.35777882]
 [0.05988754]
 [0.15583411]
 [0.53420806]
 [0.02977976]
 [0.09955483]
 [0.39573571]
 [0.18509841]
 [0.08308341]
 [0.1861059 ]
 [0.13805061]
 [0.11895501]
 [0.19657919]
 [0.16023899]
 [0.04791471]
 [0.23594189]
 [0.4348641 ]
 [0.04505623]
 [0.        ]
 [0.44306467]
 [0.658388  ]
 [0.11206654]
 [0.06281631]
 [0.20103093]
 [0.17314902]
 [0.06354264]
 [0.0668463 ]
 [0.74718838]
 [0.06105904]
 [0.09505623]
 [0.07722587]
 [0.04941425]
 [0.1158388 ]
 [0.12886598]
 [0.14353327]
 [0.28139644]
 [0.0752343 ]
 [0.06520619]
 [0.07136832]
 [0.08751172]
 [0.16070759]
 [0.10979381]
 [0.0598641 ]
 [0.04796157]
 [0.35660731]
 [0.05529522]
 [0.02098172]
 [0.12851453]
 [0.33973758]
 [0.16628397]
 [0.22626523]
 [0.02093252]
 [0.00578725]
 [0.14843018]
 [0.08467666]
 [0.03207591]
 [0.03284911]
 [0.64034677]
 [0.18137301]
 [0.4997657 ]
 [0.37347704]
 [0.07839738]
 [0.26382381]
 [0.04210403]
 [0.08280225]
 [0.0314433 ]
 [0.04889878]
 [0.22157919]
 [0.28209934]
 [0.02471884]
 [0.04669634]
 [0.25538894]
 [0.1274836 ]
 [0.39784442]
 [0.09533739]
 [0.20658388]
 [0.3683224 ]
 [0.20564667]
 [0.38776945]
 [0.09500937]
 [0.16155108]
 [0.06949391]
 [0.06604967]
 [0.16776007]
 [0.06494845]
 [0.02825679]
 [0.0361059 ]
 [0.23594189]
 [0.85168697]
 [0.0814433 ]
 [0.07888941]
 [0.11384724]
 [0.2366448 ]
 [0.25421743]
 [0.03465323]
 [0.5004686 ]
 [0.23898782]
 [0.06907216]
 [0.05545923]
 [0.12977976]
 [0.        ]
 [0.11984536]
 [0.13671509]
 [0.11862699]
 [0.05210872]
 [0.12436739]
 [0.52389878]
 [0.0683224 ]
 [0.07017338]
 [0.13556701]
 [0.10656045]
 [0.27905342]
 [0.36176195]
 [0.12164948]
 [0.52858482]
 [0.10025773]
 [0.08549672]
 [0.04015933]
 [0.10414714]
 [0.27413308]
 [0.01680647]
 [0.04217432]
 [0.15988754]
 [0.18783974]
 [0.08455951]
 [0.34934396]
 [0.5126523 ]
 [0.1809044 ]
 [0.31794752]
 [0.1388941 ]
 [0.39268978]
 [0.22797563]
 [0.27835052]
 [0.19154171]
 [0.09519681]
 [0.12947516]
 [0.47563261]
 [0.15759138]
 [0.08003749]
 [0.33856607]
 [0.19264292]
 [0.17539831]
 [0.10079663]
 [0.36761949]
 [0.33059981]
 [0.11305061]
 [0.09090909]
 [0.07806935]
 [0.54123711]
 [0.01187207]
 [0.12617151]
 [0.05459231]
 [0.06009841]
 [0.09843018]
 [0.06930647]
 [0.2366448 ]
 [0.0885895 ]
 [0.1237582 ]
 [0.09840675]
 [0.04104967]
 [0.35684161]
 [0.12331303]
 [0.48851921]
 [0.34278351]
 [0.10578725]
 [0.        ]
 [0.21677601]
 [0.15784911]
 [0.2364105 ]
 [0.09618088]
 [0.06998594]
 [0.0864105 ]
 [0.06968135]
 [0.02371134]
 [0.10210872]
 [0.05475633]
 [0.03626992]
 [0.        ]
 [0.11302718]
 [0.04679007]
 [0.09362699]
 [0.14514995]
 [0.14055764]
 [0.01177366]
 [0.        ]
 [0.24109653]
 [0.26054358]
 [0.10454545]
 [0.        ]
 [0.59746954]
 [0.74367385]
 [0.57146204]
 [0.33739456]
 [0.21675258]
 [0.82333646]
 [0.        ]]","[[2.73811258e-01]
 [1.25659790e-01]
 [1.62921789e-01]
 [3.81547933e-02]
 [1.63687574e-01]
 [3.80800825e-02]
 [8.79868808e-02]
 [8.24769611e-02]
 [3.27195843e-02]
 [3.20098319e-02]
 [6.29587709e-02]
 [8.84538231e-02]
 [2.04330237e-01]
 [5.56184371e-02]
 [2.31752827e-02]
 [4.80913265e-02]
 [7.20921632e-02]
 [8.84911785e-02]
 [1.97232713e-01]
 [3.13000796e-02]
 [1.46956096e-02]
 [1.66194121e-02]
 [7.11769562e-02]
 [1.62847078e-01]
 [1.78928573e-01]
 [1.95364943e-01]
 [2.66119784e-02]
 [1.62006582e-01]
 [6.85434014e-02]
 [1.01416143e-01]
 [1.83411219e-01]
 [6.38739779e-02]
 [1.13892842e-01]
 [1.14621272e-01]
 [5.27233946e-02]
 [7.16999316e-02]
 [3.38215683e-02]
 [1.37430472e-02]
 [1.85278989e-01]
 [2.18865218e-02]
 [2.56407383e-02]
 [1.89914792e-02]
 [1.83224442e-01]
 [4.58126478e-02]
 [1.43594111e-02]
 [1.20953011e-01]
 [2.62048046e-03]
 [3.25888405e-02]
 [2.44080105e-02]
 [2.50243744e-02]
 [4.04708273e-02]
 [1.44714773e-02]
 [1.99253639e-02]
 [1.71849727e-01]
 [4.31604152e-02]
 [3.11319803e-02]
 [1.78741796e-01]
 [6.21743077e-02]
 [4.88571119e-02]
 [2.83900948e-03]
 [5.19576091e-02]
 [2.16437118e-02]
 [1.00818457e-01]
 [3.12253688e-02]
 [5.53943048e-02]
 [5.31156261e-02]
 [1.38177580e-02]
 [2.11954471e-02]
 [2.02989178e-02]
 [2.15316456e-02]
 [1.66694683e-01]
 [3.48114860e-02]
 [1.17049373e-01]
 [3.09078480e-02]
 [2.40531343e-02]
 [1.35316157e-01]
 [4.82781034e-02]
 [2.39070747e-01]
 [2.04703790e-01]
 [2.53045398e-02]
 [3.32799151e-02]
 [1.15017240e-02]
 [2.11427760e-01]
 [1.12622759e-01]
 [1.74785860e-02]
 [1.37837646e-01]
 [5.98956290e-02]
 [9.49723383e-02]
 [2.64252014e-02]
 [6.71612520e-02]
 [5.03513274e-02]
 [4.22825636e-02]
 [5.51888502e-02]
 [3.44005768e-02]
 [7.53420820e-02]
 [1.51416330e-01]
 [3.29437166e-02]
 [2.47442090e-02]
 [1.67128006e-02]
 [3.74450409e-02]
 [6.78710044e-02]
 [5.66120904e-03]
 [1.47142873e-02]
 [9.27907837e-03]
 [3.04969387e-02]
 [5.20323199e-02]
 [2.58088375e-02]
 [4.52934079e-03]
 [3.04816230e-01]
 [1.79455284e-02]
 [3.00113187e-02]
 [2.55473498e-02]
 [4.19276874e-02]
 [2.44827213e-02]
 [4.04185298e-03]
 [3.35974359e-02]
 [1.89354462e-02]
 [6.42101764e-02]
 [9.68027523e-02]
 [8.82296908e-02]
 [6.90701123e-03]
 [1.56272530e-01]
 [4.22485702e-01]
 [3.24767743e-02]
 [1.46769319e-02]
 [2.07471825e-02]
 [2.43332997e-02]
 [1.39014341e-01]
 [6.17073654e-02]
 [1.05581269e-01]
 [1.57602382e-02]
 [7.75273722e-02]
 [6.88795998e-02]
 [3.94809095e-02]
 [1.14957471e-01]
 [2.44080105e-02]
 [5.14906668e-02]
 [1.09600708e-02]
 [1.77621134e-01]
 [3.64738008e-02]
 [1.01942854e-02]
 [1.25659790e-01]
 [2.72283423e-02]
 [1.83751153e-02]
 [2.04296617e-02]
 [3.40457006e-02]
 [3.34666921e-02]
 [6.09415799e-02]
 [2.68921438e-02]
 [2.73964415e-02]
 [5.22564522e-02]
 [6.36535811e-03]
 [8.04037370e-02]
 [1.62085028e-02]
 [2.98618971e-02]
 [1.81323053e-02]
 [1.62697657e-01]
 [7.43521642e-02]
 [1.20433771e-02]
 [2.19238772e-02]
 [5.89057113e-02]
 [2.10120322e-01]
 [1.68599808e-01]
 [2.75458631e-02]
 [1.70056668e-01]
 [1.83751153e-02]
 [8.73742524e-03]
 [1.13071024e-01]
 [2.15723630e-01]
 [3.26448735e-02]
 [1.98506532e-02]
 [6.83566244e-02]
 [7.06726585e-02]
 [2.29324727e-02]
 [2.83490039e-02]
 [8.51329291e-03]
 [3.86217356e-02]
 [4.62982678e-02]
 [1.40792457e-02]
 [2.79941277e-02]
 [2.27677354e-01]
 [1.39443928e-01]
 [6.38366225e-02]
 [2.98245417e-02]
 [2.37729689e-02]
 [3.66605777e-02]
 [4.13113235e-02]
 [2.06537940e-02]
 [1.43220557e-02]
 [2.15129679e-02]
 [4.65410779e-02]
 [8.75012607e-02]
 [2.78073508e-02]
 [5.16214106e-02]
 [3.43632214e-02]
 [1.67128006e-02]
 [8.01235716e-02]
 [1.29918304e-01]
 [8.85658893e-02]
 [2.35675143e-02]
 [3.81734710e-02]
 [6.33696801e-02]
 [1.42619136e-01]
 [8.57642352e-02]
 [4.38701676e-02]
 [3.66792554e-02]
 [1.03250292e-02]
 [1.15162926e-01]
 [1.54800728e-02]
 [2.46508205e-02]
 [1.95925274e-01]
 [1.92716446e-02]
 [9.68995028e-01]
 [9.66159754e-02]
 [4.51962839e-02]
 [2.96751202e-02]
 [2.73777638e-02]
 [2.98618971e-02]
 [2.19645946e-01]
 [1.92563289e-01]
 [1.97946201e-02]
 [2.65746230e-02]
 [1.54053620e-02]
 [4.74189295e-02]
 [3.33919813e-02]
 [7.74900168e-02]
 [9.44717761e-03]
 [2.44266882e-02]
 [2.18678441e-02]
 [3.42324775e-02]
 [4.70266979e-02]
 [3.36758822e-03]
 [1.61711474e-02]
 [1.18057968e-01]
 [1.09040377e-02]
 [2.85171032e-02]
 [2.78293905e-01]
 [1.43254177e-01]
 [4.32538037e-02]
 [7.88161330e-02]
 [3.80800825e-02]
 [4.11656375e-03]
 [1.79081730e-02]
 [6.18754646e-02]
 [1.00127382e-01]
 [3.06650380e-02]
 [1.26223856e-02]
 [1.78334622e-02]
 [1.83751153e-02]
 [2.20732987e-02]
 [2.44860833e-01]
 [3.77065286e-02]
 [1.60643110e-01]
 [5.01085174e-02]
 [1.19907060e-01]
 [5.40495108e-02]
 [1.86026096e-01]
 [9.83530009e-02]
 [2.45981494e-01]
 [3.02914841e-02]
 [8.50544828e-02]
 [7.02430715e-02]
 [1.57150382e-01]
 [2.87225578e-02]
 [7.21295186e-02]
 [3.60288981e-01]
 [3.79119832e-02]
 [3.72769416e-02]
 [2.13635464e-02]
 [2.60329699e-02]
 [7.41130897e-03]
 [1.18939555e-02]
 [2.80161674e-01]
 [1.79081730e-02]
 [7.28579487e-02]
 [7.85172899e-02]
 [1.92156116e-02]
 [5.59172802e-02]
 [2.87972686e-02]
 [2.35488366e-02]
 [1.17385571e-01]
 [5.79531489e-02]
 [8.65860537e-02]
 [3.97610749e-02]
 [3.07957818e-02]
 [2.92268555e-02]
 [2.82182601e-02]
 [1.09787485e-02]
 [5.20696753e-02]
 [1.99627193e-02]
 [1.31319131e-01]
 [3.37468575e-02]
 [2.02989178e-02]
 [1.32200718e-02]
 [1.22861871e-02]
 [2.04296617e-02]
 [8.00899518e-03]
 [7.90215877e-02]
 [2.56967714e-02]
 [2.56967714e-02]
 [2.35708762e-01]
 [4.01906619e-02]
 [2.31599670e-01]
 [6.12254809e-03]
 [3.01233848e-02]
 [2.13075133e-02]
 [1.62458582e-02]
 [5.57902719e-03]
 [2.53792506e-02]
 [4.89505004e-02]
 [8.36387136e-03]
 [4.12739682e-02]
 [3.43258660e-02]
 [4.92344013e-03]
 [2.05604055e-02]
 [1.09974262e-02]
 [1.68435444e-02]
 [7.86293561e-02]
 [3.24954520e-02]
 [4.54951270e-02]
 [2.96564425e-02]
 [1.27097972e-01]
 [1.82443715e-02]
 [1.16283587e-01]
 [2.28017288e-02]
 [2.01868517e-02]
 [3.19724766e-02]
 [1.89914792e-02]
 [7.02430715e-02]
 [9.51030822e-02]
 [4.94361204e-02]
 [2.58648706e-02]
 [2.39410681e-02]
 [1.54427174e-02]
 [1.20246994e-02]
 [1.50108891e-01]
 [1.42099896e-02]
 [1.52126082e-01]
 [1.87673469e-02]
 [2.93796391e-01]
 [4.73255410e-02]
 [9.83940919e-03]
 [7.46734205e-03]
 [1.13668710e-01]
 [3.31118159e-02]
 [2.33994150e-02]
 [2.09526371e-02]
 [4.15728113e-02]
 [1.01756077e-02]
 [3.70714870e-02]
 [3.59134700e-02]
 [8.29625811e-02]
 [2.73250927e-01]
 [1.05655979e-01]
 [4.11619020e-02]
 [3.86404133e-02]
 [2.75832185e-02]
 [2.60329699e-02]
 [4.36647130e-02]
 [4.42250438e-02]
 [4.01533065e-02]
 [2.64812345e-02]
 [1.95331324e-02]
 [5.00151289e-02]
 [1.19873440e-02]
 [1.22596648e-01]
 [1.80796342e-01]
 [2.19799103e-02]
 [4.05862555e-01]
 [2.30479008e-01]
 [7.22789402e-02]
 [2.03923063e-02]
 [6.02505052e-02]
 [1.31151032e-01]
 [1.34442041e-02]
 [1.51438743e-02]
 [7.95669763e-04]
 [1.51438743e-02]
 [8.49461522e-03]
 [1.34255264e-02]
 [1.72544537e-02]
 [9.11097912e-03]
 [5.13076254e-03]
 [2.31566050e-02]
 [1.57975936e-02]
 [4.89505004e-02]
 [2.45761097e-02]
 [3.04782610e-02]
 [3.01980956e-02]
 [1.18226067e-01]
 [9.48453300e-03]
 [4.11805797e-02]
 [1.12267883e-01]
 [1.38566076e-01]
 [2.87972686e-02]
 [1.09600708e-02]
 [2.33247042e-02]
 [4.43931430e-02]
 [1.15390793e-02]
 [3.41017337e-02]
 [6.48265403e-02]
 [2.26896626e-02]
 [2.50430521e-02]
 [8.51329291e-03]
 [4.36086799e-02]
 [3.54465276e-02]
 [2.80688385e-02]
 [6.43222425e-02]
 [8.03290263e-02]
 [3.54652053e-02]
 [1.28091625e-02]
 [1.25850302e-02]
 [0.00000000e+00]
 [4.05455381e-02]
 [7.20548078e-02]
 [2.37729689e-02]
 [3.43071883e-02]
 [3.16956731e-01]
 [1.97385870e-02]
 [2.27643734e-02]
 [2.52111513e-02]
 [7.96566293e-02]
 [1.69742883e-02]
 [2.34554481e-02]
 [6.85807567e-02]
 [8.96155757e-03]
 [2.60890029e-02]
 [2.50243744e-02]
 [5.42026679e-03]
 [3.07023934e-02]
 [3.24767743e-02]
 [1.61151144e-02]
 [8.53346482e-02]
 [1.81356673e-01]
 [3.19724766e-02]
 [2.25028857e-02]
 [3.67913216e-02]
 [4.84462026e-02]
 [4.26374398e-02]
 [2.32499935e-02]
 [2.11954471e-02]
 [9.63358100e-02]
 [4.20957867e-02]
 [1.18005671e-02]
 [5.41055439e-02]
 [2.35114812e-02]
 [6.93838976e-02]
 [2.41838782e-02]
 [3.03288395e-02]
 [1.40247069e-01]
 [2.50990852e-02]
 [9.22267173e-02]
 [1.31827164e-02]
 [3.52971061e-02]
 [1.21741209e-02]
 [4.13300012e-02]
 [3.04969387e-02]
 [2.01308186e-02]
 [2.68734661e-02]
 [8.36387136e-03]
 [2.02462467e-01]
 [1.00000000e+00]
 [2.56220606e-02]
 [1.13709801e-02]
 [1.88420577e-02]
 [3.17670219e-02]
 [3.84723141e-02]
 [2.64812345e-02]
 [1.83224442e-01]
 [3.93128103e-02]
 [2.97498310e-02]
 [7.12703447e-02]
 [3.08331372e-02]
 [5.29101715e-02]
 [5.22041547e-03]
 [9.03626835e-03]
 [4.52149616e-02]
 [1.35002372e-02]
 [1.40792457e-02]
 [4.91559550e-02]
 [1.76653630e-02]
 [4.03587611e-02]
 [1.12775916e-02]
 [2.58461929e-02]
 [1.32013941e-02]
 [4.36833907e-02]
 [2.46134651e-02]
 [1.13818132e-01]
 [3.87898349e-02]
 [3.01607402e-02]
 [2.09899925e-02]
 [8.24582834e-02]
 [1.54909058e-01]
 [3.32425597e-02]
 [3.59881808e-02]
 [2.80875162e-02]
 [2.16623895e-02]
 [9.54056608e-03]
 [1.66171708e-01]
 [1.27546237e-01]
 [5.23685184e-02]
 [6.02318275e-02]
 [2.18304887e-02]
 [3.23867478e-01]
 [2.47255313e-02]
 [2.02989178e-02]
 [1.07919716e-02]
 [1.02689961e-02]
 [2.59022260e-02]
 [4.80352934e-02]
 [1.16511455e-02]
 [2.59956145e-02]
 [5.01832282e-02]
 [5.66083549e-02]
 [5.91858767e-02]
 [2.12701579e-02]
 [1.13108379e-01]
 [9.88012656e-02]
 [5.14906668e-02]
 [4.07509927e-02]
 [2.39597458e-02]
 [2.48596371e-01]
 [4.72545658e-03]
 [3.66979331e-02]
 [1.57602382e-02]
 [8.44231768e-04]
 [1.73104868e-02]
 [4.02130751e-03]
 [7.08594354e-02]
 [2.19238772e-02]
 [4.45612423e-02]
 [1.59470151e-02]
 [1.95144547e-02]
 [1.74819480e-01]
 [6.14122578e-03]
 [1.51248230e-01]
 [2.19238772e-02]
 [2.64252014e-02]
 [2.30445388e-02]
 [9.20436759e-03]
 [2.62571022e-02]
 [3.04595833e-02]
 [3.84909917e-02]
 [2.06351163e-02]
 [3.04782610e-02]
 [4.56445485e-02]
 [1.15204016e-02]
 [9.78711164e-04]
 [2.13635464e-02]
 [4.89318227e-02]
 [2.59022260e-02]
 [2.06351163e-02]
 [2.23347865e-02]
 [2.06537940e-02]
 [1.87299915e-02]
 [1.43033780e-02]
 [1.86739584e-02]
 [4.16661997e-02]
 [2.37916466e-02]
 [1.89914792e-02]
 [4.30296714e-02]
 [2.98992525e-02]
 [2.96004094e-02]
 [2.09186437e-01]
 [2.83710436e-01]
 [1.72279314e-01]
 [7.79756368e-02]
 [1.48334510e-01]
 [2.30632165e-02]]","[[0.56861022]
 [0.19297125]
 [0.35974441]
 [0.54864217]
 [0.31948882]
 [0.42771565]
 [0.30223642]
 [0.21389776]
 [0.43051118]
 [0.88258786]
 [0.11653355]
 [0.31669329]
 [0.29065495]
 [0.18546326]
 [0.55455272]
 [0.56118211]
 [0.2327476 ]
 [0.38210863]
 [0.42907348]
 [0.19089457]
 [0.15095847]
 [0.07082268]
 [0.50359425]
 [0.25199681]
 [0.375     ]
 [0.3077476 ]
 [0.44241214]
 [0.27523962]
 [0.50599042]
 [0.19880192]
 [0.48985623]
 [0.55559105]
 [0.44632588]
 [0.4865016 ]
 [0.42124601]
 [0.43202875]
 [0.41421725]
 [0.03860224]
 [0.01915335]
 [0.40175719]
 [0.16653355]
 [0.32132588]
 [0.5784345 ]
 [0.29265176]
 [0.29776358]
 [0.58666134]
 [0.05495208]
 [0.39984026]
 [0.24361022]
 [0.18226837]
 [0.04411342]
 [0.08386581]
 [0.07350639]
 [0.20950479]
 [0.21661342]
 [0.07249201]
 [0.30982428]
 [0.2865016 ]
 [0.00147364]
 [0.09329073]
 [0.01731629]
 [0.07189297]
 [0.5528754 ]
 [0.11158147]
 [0.32140575]
 [0.24153355]
 [0.07517572]
 [0.11533546]
 [1.        ]
 [0.08298722]
 [0.21461661]
 [0.11453674]
 [0.52444089]
 [0.22196486]
 [0.13602236]
 [0.22595847]
 [0.06820288]
 [0.30239617]
 [0.6134984 ]
 [0.13825879]
 [0.14017572]
 [0.38801917]
 [0.5172524 ]
 [0.1942492 ]
 [0.18107029]
 [0.25215655]
 [0.26749201]
 [0.45966454]
 [0.19440895]
 [0.20798722]
 [0.07339457]
 [0.22731629]
 [0.10782748]
 [0.11030351]
 [0.41557508]
 [0.32731629]
 [0.03977636]
 [0.01636581]
 [0.15351438]
 [0.25511182]
 [0.25311502]
 [0.        ]
 [0.09145367]
 [0.21118211]
 [0.06379393]
 [0.50926518]
 [0.22947284]
 [0.15471246]
 [0.76741214]
 [0.24920128]
 [0.10383387]
 [0.17699681]
 [0.54177316]
 [0.1034345 ]
 [0.19616613]
 [0.12004792]
 [0.12332268]
 [0.37571885]
 [0.58753994]
 [0.17963259]
 [0.16789137]
 [0.26134185]
 [0.4634984 ]
 [0.20447284]
 [0.26421725]
 [0.06481629]
 [0.30319489]
 [0.25615016]
 [0.15654952]
 [0.45311502]
 [0.07919329]
 [0.30279553]
 [0.23897764]
 [0.1365016 ]
 [0.31669329]
 [0.17388179]
 [0.08354633]
 [0.11174121]
 [0.26797125]
 [0.06924121]
 [0.        ]
 [0.22380192]
 [0.0615655 ]
 [0.16693291]
 [0.07791534]
 [0.07523962]
 [0.35974441]
 [0.19968051]
 [0.24784345]
 [0.12492013]
 [0.06479233]
 [0.42979233]
 [0.65623003]
 [0.05683706]
 [0.24033546]
 [0.15519169]
 [0.28618211]
 [0.15031949]
 [0.06897764]
 [0.01480831]
 [0.15623003]
 [0.18083067]
 [0.54392971]
 [0.13482428]
 [0.31533546]
 [0.06190096]
 [0.0836262 ]
 [0.18514377]
 [0.39057508]
 [0.05309904]
 [0.09920128]
 [0.21118211]
 [0.46565495]
 [0.03145367]
 [0.        ]
 [0.        ]
 [0.2784345 ]
 [0.46821086]
 [0.00637141]
 [0.02202875]
 [0.42651757]
 [0.54153355]
 [0.23178914]
 [0.13162939]
 [0.2899361 ]
 [0.00552716]
 [0.28258786]
 [0.12148562]
 [0.0703115 ]
 [0.11365815]
 [0.67795527]
 [0.04142173]
 [0.        ]
 [0.3534345 ]
 [0.36653355]
 [0.14089457]
 [0.30423323]
 [0.20247604]
 [0.30870607]
 [0.39672524]
 [0.10998403]
 [0.28019169]
 [0.63035144]
 [0.37108626]
 [0.21333866]
 [0.26573482]
 [0.0496246 ]
 [0.1543131 ]
 [0.25255591]
 [0.23658147]
 [0.30838658]
 [0.11749201]
 [0.25567093]
 [0.22388179]
 [0.29904153]
 [0.37028754]
 [0.22412141]
 [0.15375399]
 [0.28889776]
 [0.31908946]
 [0.14049521]
 [0.20583067]
 [0.05249201]
 [0.31757188]
 [0.14265176]
 [0.13035144]
 [0.02107827]
 [0.27172524]
 [0.31238019]
 [0.50175719]
 [0.40079872]
 [0.08698083]
 [0.01851438]
 [0.33115016]
 [0.05719649]
 [0.04976837]
 [0.46485623]
 [0.25223642]
 [0.24472843]
 [0.25886581]
 [0.12244409]
 [0.04986422]
 [0.59392971]
 [0.10854633]
 [0.27619808]
 [0.09432907]
 [0.18354633]
 [0.61717252]
 [0.08985623]
 [0.14408946]
 [0.55838658]
 [0.06473642]
 [0.67803514]
 [0.26980831]
 [0.34480831]
 [0.2563099 ]
 [0.33953674]
 [0.35375399]
 [0.4936901 ]
 [0.45551118]
 [0.30255591]
 [0.09672524]
 [0.18354633]
 [0.18051118]
 [0.310623  ]
 [0.27492013]
 [0.15303514]
 [0.11605431]
 [0.15910543]
 [0.20239617]
 [0.03087859]
 [0.10183706]
 [0.46381789]
 [0.03229233]
 [0.16613419]
 [0.05713259]
 [0.00395767]
 [0.17651757]
 [0.08466454]
 [0.11629393]
 [0.45958466]
 [0.05379393]
 [0.34472843]
 [0.4014377 ]
 [0.26709265]
 [0.00445607]
 [0.18889776]
 [0.09472843]
 [0.12348243]
 [0.06013578]
 [0.17731629]
 [0.14408946]
 [0.17899361]
 [0.10511182]
 [0.04179712]
 [0.02980831]
 [0.02303514]
 [0.04888179]
 [0.125     ]
 [0.03321086]
 [0.48889776]
 [0.15207668]
 [0.39392971]
 [0.06727636]
 [0.09792332]
 [0.05781949]
 [0.00894569]
 [0.01175719]
 [0.01101438]
 [0.01456869]
 [0.06321885]
 [0.03790735]
 [0.14129393]
 [0.06648562]
 [0.        ]
 [0.01547923]
 [0.0328754 ]
 [0.3077476 ]
 [0.36813099]
 [0.01786741]
 [0.15159744]
 [0.20814696]
 [0.14305112]
 [0.42683706]
 [0.09321086]
 [0.08146965]
 [0.04238818]
 [0.00617572]
 [0.28730032]
 [0.26709265]
 [0.39584665]
 [0.27468051]
 [0.01066294]
 [0.00440735]
 [0.02890575]
 [0.31309904]
 [0.1158147 ]
 [0.3701278 ]
 [0.08426518]
 [0.38490415]
 [0.29992013]
 [0.34672524]
 [0.1836262 ]
 [0.37811502]
 [0.08682109]
 [0.05720447]
 [0.03599042]
 [0.17180511]
 [0.07845847]
 [0.0249361 ]
 [0.02432907]
 [0.54888179]
 [0.51525559]
 [0.32180511]
 [0.09592652]
 [0.19073482]
 [0.20551118]
 [0.04221246]
 [0.07540735]
 [0.0913738 ]
 [0.00286022]
 [0.09680511]
 [0.10023962]
 [0.13282748]
 [0.10894569]
 [0.2158147 ]
 [0.29576677]
 [0.19273163]
 [0.22851438]
 [0.3798722 ]
 [0.56605431]
 [0.10878594]
 [0.32140575]
 [0.3321885 ]
 [0.10750799]
 [0.16884984]
 [0.48162939]
 [0.06337061]
 [0.20519169]
 [0.67108626]
 [0.17947284]
 [0.12404153]
 [0.23258786]
 [0.25607029]
 [0.22891374]
 [0.21365815]
 [0.2456869 ]
 [0.08714058]
 [0.24129393]
 [0.30583067]
 [0.0688099 ]
 [0.        ]
 [0.44353035]
 [0.56333866]
 [0.12803514]
 [0.06757188]
 [0.27460064]
 [0.15183706]
 [0.16605431]
 [0.11573482]
 [0.7215655 ]
 [0.12092652]
 [0.12811502]
 [0.14456869]
 [0.03930511]
 [0.11277955]
 [0.18450479]
 [0.14680511]
 [0.26365815]
 [0.10998403]
 [0.14464856]
 [0.08522364]
 [0.14920128]
 [0.24872204]
 [0.1235623 ]
 [0.09297125]
 [0.04904952]
 [0.33634185]
 [0.07496006]
 [0.02861022]
 [0.20447284]
 [0.25710863]
 [0.18386581]
 [0.29233227]
 [0.01665335]
 [0.00986422]
 [0.23474441]
 [0.15391374]
 [0.03658147]
 [0.02770767]
 [0.72036741]
 [0.19193291]
 [0.42396166]
 [0.31246006]
 [0.09744409]
 [0.325     ]
 [0.05692492]
 [0.08921725]
 [0.03796326]
 [0.05      ]
 [0.38170927]
 [0.40223642]
 [0.02809105]
 [0.03183706]
 [0.34265176]
 [0.12851438]
 [0.51110224]
 [0.16453674]
 [0.30183706]
 [0.35135783]
 [0.25702875]
 [0.31765176]
 [0.14464856]
 [0.10966454]
 [0.15071885]
 [0.0559345 ]
 [0.23346645]
 [0.11102236]
 [0.03563898]
 [0.05742812]
 [0.21078275]
 [0.54576677]
 [0.11757188]
 [0.1485623 ]
 [0.14984026]
 [0.52364217]
 [0.35974441]
 [0.0511901 ]
 [0.41253994]
 [0.25447284]
 [0.10199681]
 [0.04412141]
 [0.25167732]
 [0.        ]
 [0.26876997]
 [0.27763578]
 [0.20063898]
 [0.11054313]
 [0.20734824]
 [0.47100639]
 [0.12939297]
 [0.1336262 ]
 [0.14760383]
 [0.13913738]
 [0.31980831]
 [0.39105431]
 [0.19464856]
 [0.47412141]
 [0.11900958]
 [0.19784345]
 [0.09824281]
 [0.08370607]
 [0.20319489]
 [0.01337061]
 [0.06148562]
 [0.13578275]
 [0.28610224]
 [0.16198083]
 [0.2821885 ]
 [0.41365815]
 [0.14824281]
 [0.27004792]
 [0.15087859]
 [0.30303514]
 [0.16765176]
 [0.23266773]
 [0.28234824]
 [0.10031949]
 [0.15551118]
 [0.4721246 ]
 [0.21485623]
 [0.0879393 ]
 [0.40782748]
 [0.19904153]
 [0.22891374]
 [0.12971246]
 [0.30023962]
 [0.33426518]
 [0.09952077]
 [0.11365815]
 [0.07984026]
 [0.37204473]
 [0.02023163]
 [0.15455272]
 [0.06736422]
 [0.14009585]
 [0.21198083]
 [0.14305112]
 [0.12452077]
 [0.12955272]
 [0.10910543]
 [0.22028754]
 [0.09632588]
 [0.24696486]
 [0.16956869]
 [0.35407348]
 [0.33817891]
 [0.11142173]
 [0.        ]
 [0.27100639]
 [0.14353035]
 [0.32268371]
 [0.12867412]
 [0.08482428]
 [0.10998403]
 [0.08378594]
 [0.03501597]
 [0.14241214]
 [0.07468051]
 [0.04947284]
 [0.        ]
 [0.12492013]
 [0.06911342]
 [0.06384185]
 [0.19480831]
 [0.15974441]
 [0.00802716]
 [0.        ]
 [0.29249201]
 [0.2899361 ]
 [0.10591054]
 [0.        ]
 [0.93450479]
 [0.52707668]
 [0.32803514]
 [0.25678914]
 [0.27180511]
 [0.74976038]
 [0.        ]]","[[5.98462448e-01]
 [2.33589592e-01]
 [4.03705894e-01]
 [1.00000000e+00]
 [1.57500493e-01]
 [4.77035285e-01]
 [2.95288784e-01]
 [3.21506012e-01]
 [5.54504238e-01]
 [5.52138774e-01]
 [2.72619752e-01]
 [4.38990735e-01]
 [3.17563572e-01]
 [2.45219791e-01]
 [4.00354820e-01]
 [5.22964715e-01]
 [2.88586635e-01]
 [4.22038242e-01]
 [2.37137788e-01]
 [2.78336290e-01]
 [3.19140548e-01]
 [1.74452986e-01]
 [6.11472501e-01]
 [2.47782377e-01]
 [4.03705894e-01]
 [4.93002168e-01]
 [5.32032328e-01]
 [1.52966686e-01]
 [4.85314410e-01]
 [2.34772324e-01]
 [3.70392273e-01]
 [6.30001971e-01]
 [3.87344766e-01]
 [4.15336093e-01]
 [5.33215060e-01]
 [6.50108417e-01]
 [3.99369210e-01]
 [8.31854918e-02]
 [0.00000000e+00]
 [2.44825547e-01]
 [2.81687364e-01]
 [2.75773704e-01]
 [6.12063868e-01]
 [4.28543268e-01]
 [4.19475655e-01]
 [4.40370589e-01]
 [3.03567909e-01]
 [4.60279913e-01]
 [2.32998226e-01]
 [2.57441356e-01]
 [1.71101912e-01]
 [1.53952296e-01]
 [2.40488863e-01]
 [2.87009659e-01]
 [2.18805441e-01]
 [3.43189434e-01]
 [3.88724621e-01]
 [4.20461266e-01]
 [1.72284644e-01]
 [3.26236941e-01]
 [3.92667061e-01]
 [2.77350680e-01]
 [2.52119062e-01]
 [3.38458506e-01]
 [3.58367830e-01]
 [3.46146265e-01]
 [2.58821210e-01]
 [1.64596885e-01]
 [5.24935935e-01]
 [1.61245811e-01]
 [1.94362310e-01]
 [1.35817071e-01]
 [3.44569288e-01]
 [2.01852947e-01]
 [2.07569486e-01]
 [2.13877390e-01]
 [2.25704711e-01]
 [4.30908733e-01]
 [7.63847822e-01]
 [2.39306130e-01]
 [2.35955056e-01]
 [3.86753400e-01]
 [1.55726395e-01]
 [1.47053026e-01]
 [3.57579342e-01]
 [4.19869899e-01]
 [2.86812537e-01]
 [4.71318746e-01]
 [2.77350680e-01]
 [3.12635521e-01]
 [1.88645772e-01]
 [1.95347920e-01]
 [9.10703726e-02]
 [2.19396807e-01]
 [2.50147842e-01]
 [4.18687167e-01]
 [1.30494776e-01]
 [7.27380248e-02]
 [2.37926276e-01]
 [2.27281687e-01]
 [2.14074512e-01]
 [2.69465799e-01]
 [2.22550759e-01]
 [2.08357974e-01]
 [2.48570865e-01]
 [3.11847033e-01]
 [2.44628425e-01]
 [2.79519022e-01]
 [4.90833826e-01]
 [2.49162231e-01]
 [1.90814114e-01]
 [1.30297654e-01]
 [1.64202641e-01]
 [1.61245811e-01]
 [2.68283067e-01]
 [1.72087522e-01]
 [1.71496156e-02]
 [3.98186477e-01]
 [3.36881530e-01]
 [6.53853735e-01]
 [2.86024049e-01]
 [2.61975163e-01]
 [3.26631185e-01]
 [2.60989553e-01]
 [9.52099349e-02]
 [1.57500493e-01]
 [3.75517445e-01]
 [2.51527696e-01]
 [2.02050069e-01]
 [3.42992312e-01]
 [3.75320323e-01]
 [2.50739208e-01]
 [3.77488665e-01]
 [2.28267297e-01]
 [3.04356397e-01]
 [2.49162231e-01]
 [2.89769367e-02]
 [2.19002563e-01]
 [3.64478612e-01]
 [1.05854524e-01]
 [3.03567909e-01]
 [2.41868717e-01]
 [2.00867337e-01]
 [3.91090085e-01]
 [1.44884684e-01]
 [2.29055786e-01]
 [8.29686576e-01]
 [2.53696038e-01]
 [2.21959393e-01]
 [1.54740785e-01]
 [3.21506012e-01]
 [3.46343387e-01]
 [3.04159275e-01]
 [2.55075892e-01]
 [4.50226690e-01]
 [3.05144885e-01]
 [1.77015573e-01]
 [1.89631382e-01]
 [1.87068796e-01]
 [2.31224128e-01]
 [3.15986596e-01]
 [1.73073132e-01]
 [4.09619555e-01]
 [1.38576779e-01]
 [3.98974966e-01]
 [2.13088902e-01]
 [1.03489060e-01]
 [2.45416913e-01]
 [1.17287601e-01]
 [1.65385374e-01]
 [2.48767987e-01]
 [2.60003942e-01]
 [3.25448453e-01]
 [6.64301202e-02]
 [2.25704711e-01]
 [2.02444313e-01]
 [2.06780997e-01]
 [2.93514686e-01]
 [1.43899074e-01]
 [4.29726000e-02]
 [2.54484526e-01]
 [4.99310073e-01]
 [3.69012419e-01]
 [4.84920166e-02]
 [3.17366450e-01]
 [2.69662921e-01]
 [3.23477232e-01]
 [1.98501873e-01]
 [3.22294500e-01]
 [1.80760891e-01]
 [7.09836389e-01]
 [1.21032919e-01]
 [6.78099744e-02]
 [3.25251331e-01]
 [2.82870097e-01]
 [2.87601025e-01]
 [2.98639858e-01]
 [1.58486103e-01]
 [3.20914646e-01]
 [6.28424995e-01]
 [2.17425586e-01]
 [2.68677311e-01]
 [3.21900256e-01]
 [5.65148827e-01]
 [2.85629805e-01]
 [3.64675734e-01]
 [2.80701754e-01]
 [3.37078652e-01]
 [5.05223733e-01]
 [1.48827124e-01]
 [2.64931993e-01]
 [1.91208358e-01]
 [1.63611275e-02]
 [7.49063670e-03]
 [6.22708457e-01]
 [4.07056968e-01]
 [3.61127538e-01]
 [2.56849990e-01]
 [2.96668638e-01]
 [2.26296077e-01]
 [1.60654445e-01]
 [2.95683028e-01]
 [2.93711808e-01]
 [4.78612261e-01]
 [1.85491819e-01]
 [2.95091662e-01]
 [2.06978119e-01]
 [2.73802484e-01]
 [2.48570865e-01]
 [3.63098758e-01]
 [3.04356397e-01]
 [2.53104672e-01]
 [2.65326237e-01]
 [1.71890400e-01]
 [2.34969446e-01]
 [1.30297654e-01]
 [3.03173664e-01]
 [1.32663118e-01]
 [6.40646560e-02]
 [2.53893160e-01]
 [1.90222748e-01]
 [2.63355017e-01]
 [3.43583678e-01]
 [2.16439976e-01]
 [2.67100335e-01]
 [2.59806820e-01]
 [2.36940666e-01]
 [2.11709048e-01]
 [3.63493002e-01]
 [2.16637098e-01]
 [3.07707471e-01]
 [2.31618372e-01]
 [2.33392470e-01]
 [3.10072935e-01]
 [3.57579342e-01]
 [2.96274394e-01]
 [2.46993889e-01]
 [3.33727577e-01]
 [3.37472896e-01]
 [3.83796570e-01]
 [3.12635521e-01]
 [1.74847230e-01]
 [2.96077272e-01]
 [2.20382417e-01]
 [3.25448453e-01]
 [2.56849990e-01]
 [2.71042775e-01]
 [1.73664498e-01]
 [4.01931796e-01]
 [2.05006899e-01]
 [1.76029963e-01]
 [2.30238518e-01]
 [2.49950719e-01]
 [2.51527696e-01]
 [1.85097575e-01]
 [1.29114922e-01]
 [2.35166568e-01]
 [1.97516263e-01]
 [1.51783954e-01]
 [2.73999606e-01]
 [3.33727577e-01]
 [3.02779420e-01]
 [3.99172088e-01]
 [2.37532032e-01]
 [8.55509560e-02]
 [1.85294697e-01]
 [1.77409817e-01]
 [1.46658782e-01]
 [2.73999606e-01]
 [3.35501676e-01]
 [1.39365267e-01]
 [2.75379460e-01]
 [3.57776464e-01]
 [3.02779420e-01]
 [1.58486103e-01]
 [2.47979499e-01]
 [1.13936527e-01]
 [8.14113937e-02]
 [2.11117682e-01]
 [1.30494776e-01]
 [2.76562192e-01]
 [2.20776661e-01]
 [3.40823970e-01]
 [1.27735068e-01]
 [1.26749458e-01]
 [3.30967869e-01]
 [2.14074512e-01]
 [2.81095998e-01]
 [1.38379657e-01]
 [1.06840134e-01]
 [3.78868520e-01]
 [1.90222748e-01]
 [1.96924897e-01]
 [3.59747684e-01]
 [3.10861423e-01]
 [6.93869505e-02]
 [1.43504829e-01]
 [2.45811157e-01]
 [3.09481569e-01]
 [6.62329982e-02]
 [2.05598265e-01]
 [2.93711808e-01]
 [1.61048689e-01]
 [7.87108220e-01]
 [2.16045732e-01]
 [2.21368027e-01]
 [1.05460280e-01]
 [1.19455943e-01]
 [3.03173664e-01]
 [2.30829884e-01]
 [2.86615415e-01]
 [4.00354820e-01]
 [3.40429726e-01]
 [2.46402523e-01]
 [1.94953676e-01]
 [2.08555096e-01]
 [1.70904790e-01]
 [4.16715947e-01]
 [2.61975163e-01]
 [2.02641435e-01]
 [2.93317564e-01]
 [2.79321900e-01]
 [3.42203824e-01]
 [4.88862606e-01]
 [2.36546422e-01]
 [1.71299034e-01]
 [2.59215454e-01]
 [3.04356397e-01]
 [2.53498916e-01]
 [3.07313227e-01]
 [2.29844274e-01]
 [5.28287010e-01]
 [4.18884289e-01]
 [2.14665878e-01]
 [1.99290361e-01]
 [1.09599842e-01]
 [3.05144885e-01]
 [1.57106249e-01]
 [1.71299034e-01]
 [1.75241474e-01]
 [1.31677508e-01]
 [2.11314804e-01]
 [2.32406860e-01]
 [1.63414153e-01]
 [2.31815494e-01]
 [2.05795387e-01]
 [3.36290164e-01]
 [3.25842697e-01]
 [1.86280308e-01]
 [2.31815494e-01]
 [6.42420658e-01]
 [1.81746501e-01]
 [2.29647152e-01]
 [2.21565149e-01]
 [3.46540509e-01]
 [3.13029765e-01]
 [2.03429923e-01]
 [2.22550759e-01]
 [3.59156318e-01]
 [5.10348906e-01]
 [3.50482949e-01]
 [3.22688744e-01]
 [1.23398384e-01]
 [2.47191011e-01]
 [2.30829884e-01]
 [1.79775281e-01]
 [2.19199685e-01]
 [1.92588212e-01]
 [1.16696235e-01]
 [1.99290361e-01]
 [2.70451409e-01]
 [1.73467376e-01]
 [3.19731914e-01]
 [4.46087128e-01]
 [2.92529075e-01]
 [1.88842894e-01]
 [2.17031342e-01]
 [8.33826138e-02]
 [2.02050069e-01]
 [2.39306130e-01]
 [3.31164991e-01]
 [1.76424207e-01]
 [3.23674354e-01]
 [3.41415336e-01]
 [1.44490440e-01]
 [1.35225705e-01]
 [2.39109008e-01]
 [1.81943623e-01]
 [2.94697418e-01]
 [3.72560615e-01]
 [2.77547802e-01]
 [2.82475853e-01]
 [1.59865957e-01]
 [3.15000986e-01]
 [3.28799527e-01]
 [2.97654248e-01]
 [2.57638478e-01]
 [2.83461463e-01]
 [2.38517642e-01]
 [2.78139168e-01]
 [2.89769367e-01]
 [2.48767987e-01]
 [2.40883107e-01]
 [2.32406860e-01]
 [3.21506012e-01]
 [1.54543663e-01]
 [2.86812537e-01]
 [2.75970826e-01]
 [1.61245811e-01]
 [1.18273211e-01]
 [2.56455746e-01]
 [1.95347920e-01]
 [2.89178001e-01]
 [2.84249951e-01]
 [1.89237138e-01]
 [3.18154938e-01]
 [3.44569288e-01]
 [2.28661541e-01]
 [1.86871674e-01]
 [1.12556673e-01]
 [1.92193968e-01]
 [1.84309087e-01]
 [5.79538734e-02]
 [2.23536369e-01]
 [2.51724818e-01]
 [2.03824167e-01]
 [2.77350680e-01]
 [4.01143308e-01]
 [1.78592549e-01]
 [1.38576779e-01]
 [1.45870294e-01]
 [1.43504829e-01]
 [1.73861620e-01]
 [2.05204021e-01]
 [3.36093042e-01]
 [1.24383994e-01]
 [2.60003942e-01]
 [1.73270254e-01]
 [1.46067416e-01]
 [1.49024246e-01]
 [2.84841317e-01]
 [2.12103292e-01]
 [1.53755174e-01]
 [3.24265720e-01]
 [1.32071752e-01]
 [2.52316184e-01]
 [1.96727774e-01]
 [2.94106052e-01]
 [1.45081806e-01]
 [2.15848610e-01]
 [3.17169328e-01]
 [1.65385374e-01]
 [2.21368027e-01]
 [1.66370984e-01]
 [2.00275971e-01]
 [2.84052829e-01]
 [1.91011236e-01]
 [2.19593929e-01]
 [2.71239897e-01]
 [3.45554898e-01]
 [1.65779618e-01]
 [1.55923517e-01]
 [3.27616795e-01]
 [1.87857284e-01]
 [1.95545042e-01]
 [3.28405283e-01]
 [1.75438596e-01]
 [3.35304554e-01]
 [2.44234181e-01]
 [6.13443722e-01]
 [3.02582298e-01]
 [4.29726000e-02]
 [3.32347723e-01]
 [1.40942243e-01]
 [2.21170905e-01]
 [1.58486103e-01]
 [3.28208161e-01]
 [2.89769367e-01]
 [1.86280308e-01]
 [1.80366647e-01]
 [1.20638675e-01]
 [4.11196531e-01]
 [3.13424009e-01]
 [2.64734871e-01]
 [2.90360733e-01]
 [2.52907550e-01]
 [2.25507589e-01]
 [2.39503253e-01]
 [1.44884684e-01]
 [2.85432683e-01]
 [2.04809777e-01]
 [1.51586832e-01]
 [3.98186477e-01]
 [2.09146462e-01]
 [1.41336487e-01]
 [2.94697418e-01]
 [2.97457126e-01]
 [1.93968066e-01]
 [2.00473093e-01]
 [2.96865760e-01]
 [4.17110191e-01]
 [3.13818253e-01]
 [1.95545042e-01]
 [2.53104672e-01]
 [1.84703331e-01]
 [2.79519022e-01]
 [3.84979302e-01]
 [3.04553519e-01]
 [1.17287601e-01]
 [2.39700375e-01]
 [1.79972403e-01]
 [3.23477232e-01]
 [2.44628425e-01]
 [3.26236941e-01]
 [1.42716341e-01]
 [2.98048492e-01]
 [2.23339247e-01]
 [2.44037059e-01]
 [2.94303174e-01]
 [2.41474473e-01]
 [1.50601222e-01]
 [3.19731914e-01]
 [2.28070175e-01]
 [1.78986793e-01]
 [1.34831461e-01]
 [2.12300414e-01]
 [2.19988173e-01]
 [2.21959393e-01]
 [1.94559432e-01]
 [2.94500296e-01]
 [1.76029963e-01]
 [3.16183718e-01]
 [1.65976740e-01]
 [1.71496156e-01]
 [1.59077469e-01]
 [1.30297654e-01]
 [1.37394047e-01]
 [1.79381037e-01]
 [1.36605559e-01]
 [1.07825744e-01]
 [1.35028583e-01]
 [1.97122019e-04]
 [4.97535975e-01]
 [2.68874433e-01]
 [9.75753992e-02]
 [1.98501873e-01]
 [1.28720678e-01]
 [4.97141731e-01]
 [2.57441356e-01]]","[[0.0226581 ]
 [0.27257355]
 [0.3902604 ]
 [0.36083869]
 [0.15657761]
 [0.20257017]
 [0.34731146]
 [0.37605681]
 [0.40953669]
 [0.48461278]
 [0.45755834]
 [0.27663172]
 [0.51031451]
 [0.48156916]
 [0.43625296]
 [0.60297599]
 [0.35238417]
 [0.37098411]
 [0.42069665]
 [0.15725397]
 [0.20290835]
 [0.0923233 ]
 [0.15387217]
 [0.45079472]
 [0.39465675]
 [0.22624281]
 [0.39972946]
 [0.35644234]
 [0.526209  ]
 [0.18058843]
 [0.52079811]
 [0.30402435]
 [0.4825837 ]
 [0.56679067]
 [0.27629354]
 [0.40175854]
 [0.40615489]
 [0.29455529]
 [0.52384173]
 [0.37571863]
 [0.40142036]
 [0.3936422 ]
 [0.51065269]
 [0.35745688]
 [0.40919851]
 [0.26682448]
 [0.24112276]
 [0.30267163]
 [0.16638485]
 [0.42576936]
 [0.40209672]
 [0.22421373]
 [0.28846804]
 [0.30402435]
 [0.4163003 ]
 [0.30571525]
 [0.299628  ]
 [0.40175854]
 [0.32465336]
 [0.07034156]
 [0.17483936]
 [0.38112952]
 [0.42069665]
 [0.14034494]
 [0.47784917]
 [0.48123098]
 [0.38214406]
 [0.31552249]
 [0.25769361]
 [0.22928644]
 [0.39228948]
 [0.16672303]
 [0.50084545]
 [0.2056138 ]
 [0.23030098]
 [0.3361515 ]
 [0.04159621]
 [0.2177883 ]
 [0.48224552]
 [0.28035171]
 [0.38079134]
 [0.20798106]
 [0.51403449]
 [0.56070342]
 [0.20087927]
 [0.2979371 ]
 [0.39736219]
 [0.50321272]
 [0.40886033]
 [0.18701387]
 [0.48393642]
 [0.44132567]
 [0.1707812 ]
 [0.29049713]
 [0.34223876]
 [0.45045654]
 [0.27494082]
 [0.34595874]
 [0.10585052]
 [0.34020967]
 [0.51640176]
 [0.12580318]
 [0.36557322]
 [0.32769699]
 [0.323977  ]
 [0.19783564]
 [0.29151167]
 [0.29861346]
 [0.33682787]
 [0.39059858]
 [0.24619547]
 [0.37368955]
 [0.3361515 ]
 [0.35441326]
 [0.20696652]
 [0.39972946]
 [0.20459926]
 [0.23537369]
 [0.44639838]
 [0.34832601]
 [0.03753805]
 [0.25059182]
 [0.35475144]
 [0.03990531]
 [0.22590463]
 [0.25363544]
 [0.50659452]
 [0.31112614]
 [0.22590463]
 [0.52113629]
 [0.12106865]
 [0.33040243]
 [0.40006764]
 [0.14271221]
 [0.41258032]
 [0.43151843]
 [0.23537369]
 [0.19208657]
 [0.26580994]
 [0.12445046]
 [0.07642881]
 [0.28204261]
 [0.25701725]
 [0.21001015]
 [0.17788299]
 [0.16706121]
 [0.23233006]
 [0.30639161]
 [0.18498478]
 [0.27730808]
 [0.37436591]
 [0.37166047]
 [0.19039567]
 [0.11396686]
 [0.19039567]
 [0.27832262]
 [0.37301319]
 [0.32972607]
 [0.10246872]
 [0.10990869]
 [0.35407508]
 [0.21068651]
 [0.28542442]
 [0.42306392]
 [0.41697667]
 [0.33987149]
 [0.        ]
 [0.30740615]
 [0.50625634]
 [0.24484275]
 [0.0906324 ]
 [0.33547514]
 [0.07372337]
 [0.16909029]
 [0.18397024]
 [0.1602976 ]
 [0.28238079]
 [0.35170781]
 [0.42306392]
 [0.1132905 ]
 [0.4112276 ]
 [0.57017247]
 [0.35847142]
 [0.17619209]
 [0.42948935]
 [0.18261752]
 [0.29996618]
 [0.25295908]
 [0.25972269]
 [0.20933378]
 [0.45350017]
 [0.39567129]
 [0.28779168]
 [0.57997971]
 [0.45654379]
 [0.22387555]
 [0.42543118]
 [0.41021305]
 [0.43219479]
 [0.3554278 ]
 [0.33310788]
 [0.32499155]
 [0.57355428]
 [0.47480555]
 [0.30064254]
 [0.23571187]
 [0.25566452]
 [0.35678052]
 [0.43388569]
 [0.10821779]
 [0.42035847]
 [0.31214068]
 [0.2962462 ]
 [0.53601623]
 [0.47683463]
 [0.24416638]
 [0.29218803]
 [0.26276632]
 [0.400744  ]
 [0.76969902]
 [0.1166723 ]
 [0.14169767]
 [0.26445722]
 [0.35644234]
 [0.24721001]
 [0.1271559 ]
 [0.19445384]
 [0.19614474]
 [0.48224552]
 [0.4267839 ]
 [0.31687521]
 [0.58741968]
 [0.81501522]
 [0.61210687]
 [0.20967196]
 [0.3902604 ]
 [0.5836997 ]
 [0.39736219]
 [0.61345959]
 [1.        ]
 [0.19918837]
 [0.18025025]
 [0.28677714]
 [0.47548191]
 [0.46635103]
 [0.3432533 ]
 [0.26107541]
 [0.14879946]
 [0.52451809]
 [0.17653027]
 [0.46838011]
 [0.29556983]
 [0.34190057]
 [0.24923909]
 [0.32532973]
 [0.24822455]
 [0.6445722 ]
 [0.25566452]
 [0.45620561]
 [0.8065607 ]
 [0.58674332]
 [0.45147109]
 [0.42002029]
 [0.32702063]
 [0.41799121]
 [0.72404464]
 [0.31247886]
 [0.41021305]
 [0.21981738]
 [0.36117687]
 [0.2404464 ]
 [0.11261414]
 [0.3814677 ]
 [0.20155563]
 [0.49949273]
 [0.25870815]
 [0.15049036]
 [0.34731146]
 [0.27494082]
 [0.18498478]
 [0.57118701]
 [0.14575583]
 [0.28643896]
 [0.30639161]
 [0.20257017]
 [0.29387893]
 [0.37368955]
 [0.11531958]
 [0.3466351 ]
 [0.31044978]
 [0.33885695]
 [0.31755157]
 [0.21339195]
 [0.26208996]
 [0.1376395 ]
 [0.12039229]
 [0.08927968]
 [0.28508624]
 [0.28610078]
 [0.45248563]
 [0.31078796]
 [0.34426784]
 [0.47852553]
 [0.30098072]
 [0.2857626 ]
 [0.49983091]
 [0.20662834]
 [0.1586067 ]
 [0.10145418]
 [0.13966858]
 [0.31788975]
 [0.20223199]
 [0.1237741 ]
 [0.03415624]
 [0.30064254]
 [0.24146094]
 [0.14778492]
 [0.30977342]
 [0.31078796]
 [0.24653365]
 [0.21880284]
 [0.33648969]
 [0.12208319]
 [0.39905309]
 [0.18599932]
 [0.25667907]
 [0.10720325]
 [0.27798444]
 [0.37199865]
 [0.41156578]
 [0.19614474]
 [0.32600609]
 [0.3432533 ]
 [0.17145756]
 [0.31484613]
 [0.38180588]
 [0.15285763]
 [0.39634765]
 [0.26445722]
 [0.49239094]
 [0.23097734]
 [0.24112276]
 [0.17754481]
 [0.40480216]
 [0.19411566]
 [0.16909029]
 [0.31078796]
 [0.17010484]
 [0.21373013]
 [0.17754481]
 [0.24890091]
 [0.32160974]
 [0.26208996]
 [0.54210348]
 [0.14744674]
 [0.31653703]
 [0.30030436]
 [0.21981738]
 [0.19546838]
 [0.29117349]
 [0.28271897]
 [0.40108218]
 [0.30875888]
 [0.29015894]
 [0.24484275]
 [0.40818397]
 [0.57896517]
 [0.28102807]
 [0.25498816]
 [0.41224214]
 [0.45924924]
 [0.11836321]
 [0.18227934]
 [0.25836997]
 [0.21508285]
 [0.21508285]
 [0.3554278 ]
 [0.62563409]
 [0.18397024]
 [0.3084207 ]
 [0.10990869]
 [0.17653027]
 [0.43997295]
 [0.26276632]
 [0.13561042]
 [0.45924924]
 [0.1481231 ]
 [0.21812648]
 [0.19580656]
 [0.45654379]
 [0.08488333]
 [0.24112276]
 [0.34697328]
 [0.425093  ]
 [0.27088265]
 [0.2526209 ]
 [0.31044978]
 [0.26208996]
 [0.17314846]
 [0.25532634]
 [0.38248225]
 [0.04058167]
 [0.29015894]
 [0.21846466]
 [0.17720663]
 [0.30030436]
 [0.174163  ]
 [0.39431857]
 [0.37030774]
 [0.27764626]
 [0.26580994]
 [0.24078458]
 [0.40480216]
 [0.41934393]
 [0.67974298]
 [0.38755495]
 [0.40547853]
 [0.38451133]
 [0.08319242]
 [0.39567129]
 [0.31552249]
 [0.14440311]
 [0.21339195]
 [0.31856611]
 [0.31822793]
 [0.39127494]
 [0.17822117]
 [0.41494758]
 [0.23368279]
 [0.26919175]
 [0.43354751]
 [0.26952993]
 [0.33243152]
 [0.4146094 ]
 [0.24450457]
 [0.33513696]
 [0.33243152]
 [0.21203923]
 [0.3344606 ]
 [0.20121745]
 [0.25329726]
 [0.5312817 ]
 [0.2056138 ]
 [0.29117349]
 [0.24146094]
 [0.51335813]
 [0.61954684]
 [0.26885357]
 [0.32566791]
 [0.36557322]
 [0.40006764]
 [0.51707812]
 [0.62631045]
 [0.14440311]
 [0.25160636]
 [0.71051742]
 [0.66215759]
 [0.52553263]
 [0.52147447]
 [0.62529591]
 [0.58978695]
 [0.56002705]
 [0.58437606]
 [0.29252621]
 [0.28779168]
 [0.35238417]
 [0.37301319]
 [0.28373351]
 [0.46060196]
 [0.28643896]
 [0.29692256]
 [0.62326682]
 [0.17653027]
 [0.68515387]
 [0.19986473]
 [0.20358471]
 [0.3659114 ]
 [0.23368279]
 [0.16503213]
 [0.33141698]
 [0.28136625]
 [0.3222861 ]
 [0.14710856]
 [0.26817721]
 [0.05309435]
 [0.22658099]
 [0.24146094]
 [0.30808252]
 [0.21846466]
 [0.35475144]
 [0.43050389]
 [0.11903957]
 [0.36692594]
 [0.10551234]
 [0.36624958]
 [0.35508962]
 [0.28610078]
 [0.25701725]
 [0.26411904]
 [0.38992222]
 [0.23774095]
 [0.49983091]
 [0.22353737]
 [0.34223876]
 [0.10686507]
 [0.11599594]
 [0.34934055]
 [0.25059182]
 [0.20257017]
 [0.48156916]
 [0.16841393]
 [0.16875211]
 [0.36557322]
 [0.13358133]
 [0.31653703]
 [0.30098072]
 [0.3676023 ]
 [0.35678052]
 [0.28779168]
 [0.23638823]
 [0.14169767]
 [0.40209672]
 [0.34223876]
 [0.30334799]
 [0.20189381]
 [0.11464322]
 [0.30571525]
 [0.08657423]
 [0.11701048]
 [0.12614136]
 [0.26547176]
 [0.34866419]
 [0.22387555]
 [0.37064592]
 [0.26750085]
 [0.37707136]
 [0.43422388]
 [0.49814001]
 [0.53364897]
 [0.53195807]
 [0.15995942]
 [0.51673994]
 [0.5312817 ]
 [0.62056138]
 [0.37166047]
 [0.45722016]
 [0.22455191]
 [0.23233006]
 [0.32566791]
 [0.49036185]
 [0.39803855]
 [0.43050389]
 [0.66689212]
 [0.41359486]
 [0.64964491]
 [0.60534325]
 [0.33412242]
 [0.61447413]
 [0.43862022]
 [0.4808928 ]
 [0.58978695]
 [0.66486304]
 [0.70713561]
 [0.52012175]
 [0.42881299]
 [0.62698681]
 [0.62123774]
 [0.66351031]
 [0.50152181]]","[[0.68636364]
 [0.37979798]
 [0.50959596]
 [0.77626263]
 [0.37828283]
 [0.51868687]
 [0.37070707]
 [0.57373737]
 [0.65151515]
 [0.48989899]
 [0.23636364]
 [0.39494949]
 [0.67525253]
 [0.39747475]
 [0.50959596]
 [0.62777778]
 [0.26565657]
 [0.55757576]
 [0.26363636]
 [0.41666667]
 [0.45808081]
 [0.38131313]
 [0.73787879]
 [0.35808081]
 [0.47222222]
 [1.        ]
 [0.6020202 ]
 [0.32171717]
 [0.43737374]
 [0.34292929]
 [0.56717172]
 [0.62676768]
 [0.6       ]
 [0.40050505]
 [0.47373737]
 [0.42222222]
 [0.41666667]
 [0.20555556]
 [0.25505051]
 [0.33333333]
 [0.36565657]
 [0.42171717]
 [0.63131313]
 [0.46161616]
 [0.34646465]
 [0.42777778]
 [0.35808081]
 [0.53939394]
 [0.31060606]
 [0.37828283]
 [0.21969697]
 [0.1479798 ]
 [0.40808081]
 [0.52121212]
 [0.28080808]
 [0.43434343]
 [0.43282828]
 [0.48838384]
 [0.38333333]
 [0.31464646]
 [0.85      ]
 [0.38787879]
 [0.4489899 ]
 [0.6469697 ]
 [0.42676768]
 [0.4510101 ]
 [0.33181818]
 [0.23030303]
 [0.53080808]
 [0.26767677]
 [0.26363636]
 [0.42525253]
 [0.43787879]
 [0.3040404 ]
 [0.33333333]
 [0.37272727]
 [0.67828283]
 [0.55151515]
 [0.93232323]
 [0.33232323]
 [0.39494949]
 [0.44545455]
 [0.38838384]
 [0.28989899]
 [0.51464646]
 [0.54141414]
 [0.51262626]
 [0.4510101 ]
 [0.43939394]
 [0.53333333]
 [0.31565657]
 [0.33181818]
 [0.16464646]
 [0.29191919]
 [0.40151515]
 [0.52272727]
 [0.42424242]
 [0.14646465]
 [0.28282828]
 [0.41363636]
 [0.27727273]
 [0.43939394]
 [0.34292929]
 [0.4469697 ]
 [0.58434343]
 [0.43686869]
 [0.37424242]
 [0.27373737]
 [0.75555556]
 [0.21565657]
 [0.26464646]
 [0.34090909]
 [0.32525253]
 [0.43535354]
 [0.29747475]
 [0.31717172]
 [0.12373737]
 [0.5540404 ]
 [0.52323232]
 [0.53989899]
 [0.30656566]
 [0.45757576]
 [0.80555556]
 [0.4020202 ]
 [0.18282828]
 [0.27979798]
 [0.3540404 ]
 [0.44747475]
 [0.47525253]
 [0.57676768]
 [0.41414141]
 [0.43989899]
 [0.55555556]
 [0.38181818]
 [0.31919192]
 [0.26515152]
 [0.14090909]
 [0.34040404]
 [0.4530303 ]
 [0.35909091]
 [0.42575758]
 [0.40454545]
 [0.29545455]
 [0.36262626]
 [0.17121212]
 [0.47222222]
 [0.81717172]
 [0.34545455]
 [0.33535354]
 [0.20858586]
 [0.74747475]
 [0.58686869]
 [0.75151515]
 [0.38888889]
 [0.38484848]
 [0.45959596]
 [0.46010101]
 [0.3959596 ]
 [0.26767677]
 [0.19292929]
 [0.47121212]
 [0.34393939]
 [0.48838384]
 [0.2479798 ]
 [0.37424242]
 [0.22979798]
 [0.16212121]
 [0.42070707]
 [0.24141414]
 [0.36363636]
 [0.4540404 ]
 [0.27171717]
 [0.45757576]
 [0.25555556]
 [0.43838384]
 [0.33434343]
 [0.30757576]
 [0.37070707]
 [0.16919192]
 [0.20505051]
 [0.37373737]
 [0.67424242]
 [0.28181818]
 [0.0540404 ]
 [0.33686869]
 [0.32474747]
 [0.28333333]
 [0.23030303]
 [0.33232323]
 [0.30656566]
 [0.66868687]
 [0.32020202]
 [0.29949495]
 [0.4459596 ]
 [0.34191919]
 [0.38838384]
 [0.39090909]
 [0.35858586]
 [0.35707071]
 [0.44949495]
 [0.46414141]
 [0.22525253]
 [0.57575758]
 [0.60151515]
 [0.43686869]
 [0.26969697]
 [0.44141414]
 [0.48787879]
 [0.3989899 ]
 [0.1510101 ]
 [0.35606061]
 [0.23888889]
 [0.2969697 ]
 [0.12525253]
 [0.59343434]
 [0.52828283]
 [0.45808081]
 [0.45656566]
 [0.52222222]
 [0.18585859]
 [0.15151515]
 [0.45555556]
 [0.42929293]
 [0.44191919]
 [0.22020202]
 [0.51262626]
 [0.36767677]
 [0.41464646]
 [0.22929293]
 [0.53686869]
 [0.54090909]
 [0.40858586]
 [0.39646465]
 [0.1959596 ]
 [0.2479798 ]
 [0.23080808]
 [0.42878788]
 [0.20555556]
 [0.14242424]
 [0.37828283]
 [0.33181818]
 [0.24545455]
 [0.5020202 ]
 [0.36010101]
 [0.46363636]
 [0.34191919]
 [0.21565657]
 [0.27070707]
 [0.42272727]
 [0.41565657]
 [0.57828283]
 [0.39090909]
 [0.33989899]
 [0.38030303]
 [0.36161616]
 [0.42828283]
 [0.42070707]
 [0.67575758]
 [0.72474747]
 [0.52070707]
 [0.38080808]
 [0.25454545]
 [0.52929293]
 [0.2459596 ]
 [0.40757576]
 [0.35808081]
 [0.43535354]
 [0.29040404]
 [0.47979798]
 [0.30707071]
 [0.22626263]
 [0.35808081]
 [0.33383838]
 [0.51565657]
 [0.24141414]
 [0.48232323]
 [0.45151515]
 [0.24747475]
 [0.25909091]
 [0.53030303]
 [0.42525253]
 [0.52575758]
 [0.42070707]
 [0.41212121]
 [0.18787879]
 [0.32171717]
 [0.26666667]
 [0.13989899]
 [0.77525253]
 [0.48131313]
 [0.33030303]
 [0.41363636]
 [0.33838384]
 [0.41161616]
 [0.29191919]
 [0.26868687]
 [0.19646465]
 [0.28232323]
 [0.29040404]
 [0.32070707]
 [0.36969697]
 [0.36414141]
 [0.60050505]
 [0.21313131]
 [0.17727273]
 [0.44191919]
 [0.28888889]
 [0.36767677]
 [0.1540404 ]
 [0.19848485]
 [0.44242424]
 [0.28888889]
 [0.27323232]
 [0.39040404]
 [0.55707071]
 [0.07828283]
 [0.30959596]
 [0.37727273]
 [0.64141414]
 [0.20808081]
 [0.34494949]
 [0.43838384]
 [0.24393939]
 [0.76212121]
 [0.29191919]
 [0.32676768]
 [0.15808081]
 [0.16262626]
 [0.44848485]
 [0.40858586]
 [0.36464646]
 [0.3540404 ]
 [0.44444444]
 [0.36010101]
 [0.24191919]
 [0.33686869]
 [0.2989899 ]
 [0.4510101 ]
 [0.41919192]
 [0.37222222]
 [0.43030303]
 [0.49292929]
 [0.36161616]
 [0.51616162]
 [0.47929293]
 [0.28939394]
 [0.25      ]
 [0.23282828]
 [0.28989899]
 [0.70656566]
 [0.30858586]
 [0.66414141]
 [0.45252525]
 [0.29646465]
 [0.31818182]
 [0.23888889]
 [0.49242424]
 [0.18383838]
 [0.43939394]
 [0.22525253]
 [0.23636364]
 [0.38131313]
 [0.3530303 ]
 [0.21969697]
 [0.2979798 ]
 [0.28181818]
 [0.41161616]
 [0.32070707]
 [0.33181818]
 [0.38585859]
 [0.56313131]
 [0.33383838]
 [0.46111111]
 [0.25808081]
 [0.41010101]
 [0.46969697]
 [0.56969697]
 [0.18232323]
 [0.36969697]
 [0.57373737]
 [0.48383838]
 [0.47626263]
 [0.07222222]
 [0.36313131]
 [0.28131313]
 [0.28636364]
 [0.2959596 ]
 [0.27626263]
 [0.37878788]
 [0.46919192]
 [0.37373737]
 [0.46717172]
 [0.43888889]
 [0.55656566]
 [0.44292929]
 [0.29343434]
 [0.37676768]
 [0.25959596]
 [0.23989899]
 [0.39747475]
 [0.53181818]
 [0.27323232]
 [0.41111111]
 [0.34090909]
 [0.25808081]
 [0.21515152]
 [0.34090909]
 [0.26262626]
 [0.47070707]
 [0.45757576]
 [0.27323232]
 [0.33030303]
 [0.10808081]
 [0.44646465]
 [0.4       ]
 [0.48434343]
 [0.48737374]
 [0.51767677]
 [0.26414141]
 [0.28030303]
 [0.49040404]
 [0.51818182]
 [0.41717172]
 [0.3979798 ]
 [0.74646465]
 [0.28787879]
 [0.43686869]
 [0.48282828]
 [0.22777778]
 [0.20151515]
 [0.49545455]
 [0.37929293]
 [0.33535354]
 [0.4459596 ]
 [0.25909091]
 [0.30757576]
 [0.40454545]
 [0.33030303]
 [0.25      ]
 [0.26717172]
 [0.21666667]
 [0.20555556]
 [0.17424242]
 [0.66262626]
 [0.33333333]
 [0.38383838]
 [0.32979798]
 [0.42070707]
 [0.20858586]
 [0.24949495]
 [0.1459596 ]
 [0.30454545]
 [0.28030303]
 [0.2979798 ]
 [0.37323232]
 [0.15909091]
 [0.37323232]
 [0.28232323]
 [0.30656566]
 [0.28333333]
 [0.37020202]
 [0.50555556]
 [0.32676768]
 [0.23030303]
 [0.1989899 ]
 [0.27323232]
 [0.25353535]
 [0.31313131]
 [0.32121212]
 [0.4530303 ]
 [0.59494949]
 [0.4010101 ]
 [0.31666667]
 [0.32373737]
 [0.40454545]
 [0.32575758]
 [0.22525253]
 [0.38030303]
 [0.36313131]
 [0.5510101 ]
 [0.2040404 ]
 [0.26212121]
 [0.36313131]
 [0.33939394]
 [0.36565657]
 [0.51616162]
 [0.17626263]
 [0.38535354]
 [0.40050505]
 [0.3969697 ]
 [0.24444444]
 [0.08080808]
 [0.53333333]
 [0.27929293]
 [0.32979798]
 [0.21565657]
 [0.29343434]
 [0.23535354]
 [0.38989899]
 [0.3979798 ]
 [0.30707071]
 [0.61363636]
 [0.4459596 ]
 [0.22474747]
 [0.66565657]
 [0.50353535]
 [0.53737374]
 [0.45151515]
 [0.32878788]
 [0.37727273]
 [0.22171717]
 [0.30252525]
 [0.53333333]
 [0.34292929]
 [0.2530303 ]
 [0.43787879]
 [0.4040404 ]
 [0.37474747]
 [0.32777778]
 [0.53535354]
 [0.57424242]
 [0.47020202]
 [0.29141414]
 [0.33030303]
 [0.16515152]
 [0.31212121]
 [0.33484848]
 [0.31767677]
 [0.46262626]
 [0.30151515]
 [0.27171717]
 [0.40353535]
 [0.28838384]
 [0.55858586]
 [0.28232323]
 [0.53888889]
 [0.43737374]
 [0.54090909]
 [0.40909091]
 [0.49343434]
 [0.38282828]
 [0.41010101]
 [0.39393939]
 [0.28686869]
 [0.28282828]
 [0.30505051]
 [0.41666667]
 [0.30757576]
 [0.26262626]
 [0.46262626]
 [0.30353535]
 [0.48989899]
 [0.24191919]
 [0.31919192]
 [0.25555556]
 [0.26919192]
 [0.36919192]
 [0.34444444]
 [0.1989899 ]
 [0.16565657]
 [0.24090909]
 [0.        ]
 [0.53939394]
 [0.55      ]
 [0.33636364]
 [0.34949495]
 [0.26767677]
 [0.67525253]
 [0.26616162]]","[[0.15929565]
 [0.11938675]
 [0.15083115]
 [0.25145324]
 [0.33235884]
 [0.19706292]
 [0.08841826]
 [0.24108509]
 [0.13658769]
 [0.18479111]
 [0.07872999]
 [0.13794745]
 [0.04847537]
 [0.27385525]
 [0.16031546]
 [0.13237244]
 [0.13614577]
 [0.18060985]
 [0.16252507]
 [0.22942516]
 [0.08104157]
 [0.26831424]
 [0.17255329]
 [0.10249176]
 [0.14736377]
 [0.21470578]
 [0.09310943]
 [0.30720332]
 [0.1196587 ]
 [0.13305232]
 [0.15416256]
 [0.13046878]
 [0.22283034]
 [0.11224802]
 [0.08403304]
 [0.13811742]
 [0.1415848 ]
 [0.08971003]
 [0.17574872]
 [0.12421389]
 [0.05326852]
 [0.21589557]
 [0.16436074]
 [0.11418567]
 [0.05564809]
 [0.15572628]
 [0.2466261 ]
 [0.16381684]
 [0.12832716]
 [0.09321141]
 [0.14087092]
 [0.09395928]
 [0.18686474]
 [0.07431077]
 [0.10069008]
 [0.22486997]
 [0.16130129]
 [0.06615222]
 [0.19641704]
 [0.28544719]
 [0.1971989 ]
 [0.34731618]
 [0.26154944]
 [0.23880749]
 [0.20627528]
 [0.16962981]
 [0.29938471]
 [0.2573002 ]
 [0.26637658]
 [0.21242819]
 [0.09283747]
 [0.52680423]
 [0.13961315]
 [0.10211782]
 [0.10677499]
 [0.30958289]
 [0.39728728]
 [0.21168032]
 [0.29462556]
 [0.12169834]
 [0.29428562]
 [0.17272326]
 [0.21936295]
 [0.19825271]
 [0.14467825]
 [0.16174321]
 [0.26025767]
 [0.07339294]
 [0.18353333]
 [0.12900704]
 [0.10725091]
 [0.27769657]
 [0.09409525]
 [0.14178876]
 [0.25621239]
 [0.14627596]
 [0.12645749]
 [0.32012102]
 [0.15093313]
 [0.21388993]
 [0.14138083]
 [0.28816671]
 [0.11445763]
 [0.24968556]
 [0.19995241]
 [0.18523303]
 [0.23207669]
 [0.05928545]
 [0.16323894]
 [0.25155522]
 [0.41258456]
 [0.38063025]
 [0.12186831]
 [0.34561648]
 [0.22259238]
 [0.20702315]
 [0.56555733]
 [0.1792161 ]
 [0.23748173]
 [0.07856002]
 [0.14709182]
 [0.21718734]
 [0.7348472 ]
 [0.07155726]
 [0.14297855]
 [0.09810654]
 [0.08073563]
 [0.09229357]
 [0.24791787]
 [0.11285991]
 [0.17200938]
 [0.15389061]
 [0.10755685]
 [0.1191148 ]
 [0.14576605]
 [0.19668899]
 [0.16538056]
 [0.11625931]
 [0.28170786]
 [0.32488017]
 [0.14709182]
 [0.1719074 ]
 [0.16830404]
 [0.12275215]
 [0.16432675]
 [0.28748683]
 [0.12625353]
 [0.13859333]
 [0.13573784]
 [0.03824319]
 [0.18030391]
 [0.36431315]
 [0.31468199]
 [0.24835979]
 [0.23357242]
 [0.12934698]
 [0.24897168]
 [0.05880953]
 [0.12968692]
 [0.1505592 ]
 [0.26243329]
 [0.26151545]
 [0.07968182]
 [0.32725975]
 [0.10867866]
 [0.06530238]
 [0.20722711]
 [0.14991332]
 [0.15164701]
 [0.11445763]
 [0.21524969]
 [0.14583404]
 [0.12509773]
 [0.45031784]
 [0.23795764]
 [0.25356087]
 [0.37893055]
 [0.16704627]
 [0.05795968]
 [0.23187273]
 [0.09919434]
 [0.08634463]
 [0.09902437]
 [0.19182785]
 [0.05360846]
 [0.43094129]
 [0.03919502]
 [0.17649658]
 [0.20797498]
 [0.14559608]
 [0.21270014]
 [0.09715471]
 [0.        ]
 [0.25104531]
 [0.21647347]
 [0.12186831]
 [0.41088486]
 [0.1297549 ]
 [0.12955094]
 [0.0792399 ]
 [0.1971989 ]
 [0.14879152]
 [0.25882993]
 [0.24173097]
 [0.17812829]
 [0.12778325]
 [0.27215556]
 [0.11302988]
 [0.12027059]
 [0.0876364 ]
 [0.21793521]
 [0.12931298]
 [0.39898698]
 [1.        ]
 [0.31162253]
 [0.1443723 ]
 [0.24336268]
 [0.10086005]
 [0.17306319]
 [0.13006085]
 [0.08226536]
 [0.14066696]
 [0.21028657]
 [0.10378353]
 [0.14681987]
 [0.18275147]
 [0.16317096]
 [0.08178944]
 [0.11748309]
 [0.17914811]
 [0.12982289]
 [0.06594826]
 [0.08994799]
 [0.11241799]
 [0.33745793]
 [0.19294965]
 [0.16028147]
 [0.21232621]
 [0.1561682 ]
 [0.10697896]
 [0.16170922]
 [0.05275861]
 [0.16827005]
 [0.08967604]
 [0.30244416]
 [0.48703131]
 [0.15460448]
 [0.12876908]
 [0.18615087]
 [0.16823605]
 [0.1213584 ]
 [0.15864976]
 [0.23010504]
 [0.10347758]
 [0.09980623]
 [0.15766394]
 [0.15783391]
 [0.28680695]
 [0.36193358]
 [0.12346602]
 [0.11319985]
 [0.13641772]
 [0.17010572]
 [0.03783527]
 [0.09450318]
 [0.09647483]
 [0.19570316]
 [0.12655947]
 [0.12934698]
 [0.2443825 ]
 [0.06047524]
 [0.1617772 ]
 [0.13509195]
 [0.41088486]
 [0.12683142]
 [0.42380256]
 [0.22820138]
 [0.19913655]
 [0.06893973]
 [0.08573274]
 [0.19305164]
 [0.21487575]
 [0.13397015]
 [0.09688275]
 [0.15994153]
 [0.15875174]
 [0.17017371]
 [0.10259374]
 [0.47683312]
 [0.1640208 ]
 [0.2056294 ]
 [0.1230241 ]
 [0.23836557]
 [0.19995241]
 [0.14790767]
 [0.08957406]
 [0.05999932]
 [0.1319985 ]
 [0.04949519]
 [0.28748683]
 [0.14763572]
 [0.16374885]
 [0.21249618]
 [0.24346466]
 [0.16789611]
 [0.14987932]
 [0.06523439]
 [0.19294965]
 [0.05524017]
 [0.08277527]
 [0.14790767]
 [0.11279192]
 [0.16252507]
 [0.08195941]
 [0.64714281]
 [0.10929055]
 [0.12339804]
 [0.10565319]
 [0.27643879]
 [0.19186185]
 [0.29836489]
 [0.09596492]
 [0.1426726 ]
 [0.12822518]
 [0.12543767]
 [0.17323316]
 [0.16925587]
 [0.10252575]
 [0.16942584]
 [0.30074447]
 [0.14025903]
 [0.13645171]
 [0.37995037]
 [0.13271238]
 [0.20967468]
 [0.16119931]
 [0.11959071]
 [0.19835469]
 [0.20702315]
 [0.15565829]
 [0.09735867]
 [0.14416834]
 [0.19386749]
 [0.10344359]
 [0.26593466]
 [0.53190332]
 [0.18584492]
 [0.10262773]
 [0.25420675]
 [0.13893327]
 [0.16555053]
 [0.25889792]
 [0.15827583]
 [0.29938471]
 [0.13012884]
 [0.27671075]
 [0.20715913]
 [0.13342625]
 [0.31332223]
 [0.174151  ]
 [0.13835537]
 [0.1286671 ]
 [0.13240643]
 [0.18846245]
 [0.09113778]
 [0.1528028 ]
 [0.2286433 ]
 [0.14005507]
 [0.13104667]
 [0.07699629]
 [0.13332427]
 [0.11214604]
 [0.09222558]
 [0.15290478]
 [0.08556277]
 [0.09508108]
 [0.23068294]
 [0.10976646]
 [0.11894483]
 [0.19349356]
 [0.16731822]
 [0.12180032]
 [0.11316586]
 [0.17003773]
 [0.08695652]
 [0.22432607]
 [0.09151171]
 [0.06849781]
 [0.29462556]
 [0.32386035]
 [0.13492198]
 [0.47955264]
 [0.18887038]
 [0.11904681]
 [0.21868307]
 [0.12434987]
 [0.12676344]
 [0.12604956]
 [0.08654859]
 [0.12747731]
 [0.18513105]
 [0.151681  ]
 [0.06513241]
 [0.0399089 ]
 [0.20358976]
 [0.26535677]
 [0.07631642]
 [0.14610599]
 [0.18757861]
 [0.14192474]
 [0.12502974]
 [0.11710915]
 [0.12924499]
 [0.09300744]
 [0.17398103]
 [0.27813849]
 [0.44283917]
 [0.22045076]
 [0.15018527]
 [0.17659857]
 [0.18917633]
 [0.280892  ]
 [0.14178876]
 [0.07706428]
 [0.38606928]
 [0.13634973]
 [0.19209981]
 [0.16419077]
 [0.14175477]
 [0.19118197]
 [0.17853622]
 [0.28170786]
 [0.25067138]
 [0.21623551]
 [0.13743754]
 [0.12241221]
 [0.1426726 ]
 [0.2129041 ]
 [0.14015705]
 [0.1061971 ]
 [0.23292654]
 [0.2174253 ]
 [0.16041745]
 [0.3061835 ]
 [0.08172145]
 [0.22459802]
 [0.10201584]
 [0.10480335]
 [0.08274127]
 [0.12761328]
 [0.17476289]
 [0.34629636]
 [0.19107999]
 [0.15025325]
 [0.07393684]
 [0.14032702]
 [0.2769827 ]
 [0.13784546]
 [0.14756773]
 [0.1657205 ]
 [0.23887548]
 [0.20182208]
 [0.12383996]
 [0.16983377]
 [0.14467825]
 [0.10932454]
 [0.18975422]
 [0.31502193]
 [0.17177142]
 [0.43774008]
 [0.19675698]
 [0.19730088]
 [0.05296257]
 [0.19124996]
 [0.09385729]
 [0.10742088]
 [0.08138151]
 [0.05422035]
 [0.11027637]
 [0.25441071]
 [0.10871265]
 [0.06768195]
 [0.09304144]
 [0.05207873]
 [0.14688785]
 [0.18768059]
 [0.06193698]
 [0.12152837]
 [0.24764592]
 [0.03243023]
 [0.11500153]
 [0.09028793]
 [0.21361798]
 [0.2949655 ]
 [0.20698916]
 [0.1258456 ]
 [0.13566985]
 [0.0708094 ]
 [0.21283612]
 [0.16837203]
 [0.08192542]
 [0.27082979]
 [0.27157766]
 [0.13733555]
 [0.27433117]
 [0.68181664]
 [0.15497841]
 [0.370772  ]
 [0.19311962]
 [0.26600265]
 [0.17911412]
 [0.16979978]
 [0.12581161]
 [0.1101404 ]
 [0.1101064 ]
 [0.23333447]
 [0.15171499]
 [0.11476357]
 [0.12101846]
 [0.19702893]
 [0.46731482]
 [0.11136418]
 [0.08454295]
 [0.17085359]
 [0.23860353]
 [0.21021858]
 [0.09178366]
 [0.06690009]
 [0.28306761]
 [0.19084203]
 [0.16568651]
 [0.12027059]
 [0.0718972 ]
 [0.10963049]
 [0.26474488]
 [0.09739266]
 [0.14957338]
 [0.37961043]
 [0.37213176]
 [0.46765476]
 [0.35479485]
 [0.18441717]
 [0.10408947]
 [0.11082027]
 [0.15586226]
 [0.14124486]
 [0.18264949]
 [0.29088622]
 [0.19468335]
 [0.22266037]
 [0.2673964 ]
 [0.06057722]
 [0.24210491]
 [0.31366217]
 [0.22772546]
 [0.35139545]
 [0.38063025]
 [0.33575824]
 [0.0859707 ]
 [0.22051875]
 [0.18842846]
 [0.19991841]
 [0.09899038]
 [0.15929565]
 [0.29190604]
 [0.13787946]
 [0.14243465]
 [0.1634769 ]
 [0.18615087]]","[[0.18304244]
 [0.0911101 ]
 [0.12700551]
 [0.28720479]
 [0.14579965]
 [0.14465956]
 [0.0443666 ]
 [0.15606042]
 [0.09860702]
 [0.31733068]
 [0.07418156]
 [0.1122535 ]
 [0.41268328]
 [0.07279964]
 [0.24868372]
 [0.15792601]
 [0.04111908]
 [0.1121844 ]
 [0.03807885]
 [0.04854691]
 [0.05286541]
 [0.071625  ]
 [0.12089051]
 [0.03773337]
 [0.06585548]
 [0.22626204]
 [0.0972942 ]
 [0.11477551]
 [0.07159045]
 [0.09836519]
 [0.12662549]
 [0.16487017]
 [0.10223457]
 [0.10368559]
 [0.10095629]
 [0.06115694]
 [0.10803864]
 [0.03047828]
 [0.02968368]
 [0.07919102]
 [0.01351519]
 [0.07411246]
 [0.23324074]
 [0.08368227]
 [0.02850904]
 [0.09121374]
 [0.05828946]
 [0.09494493]
 [0.05276177]
 [0.03666238]
 [0.0302019 ]
 [0.05721847]
 [0.0601205 ]
 [0.14617968]
 [0.02536517]
 [0.05151804]
 [0.05918771]
 [0.11100977]
 [0.07238506]
 [0.06540635]
 [0.17475091]
 [0.07438885]
 [0.1802786 ]
 [0.17022512]
 [0.09349391]
 [0.0804693 ]
 [0.11546647]
 [0.04322651]
 [0.29933115]
 [0.03493498]
 [0.02774899]
 [0.72672498]
 [0.18670453]
 [0.07722178]
 [0.0486851 ]
 [0.036386  ]
 [0.18204055]
 [0.2127883 ]
 [0.17592554]
 [0.06747924]
 [0.10644943]
 [0.12811105]
 [0.17267803]
 [0.32804057]
 [0.05915316]
 [0.09881431]
 [0.081333  ]
 [0.08437323]
 [0.12327433]
 [0.13633349]
 [0.0690339 ]
 [0.04308832]
 [0.01866285]
 [0.0318602 ]
 [0.09069552]
 [0.12147783]
 [0.08682614]
 [0.16487017]
 [0.05721847]
 [0.1228943 ]
 [0.05044705]
 [0.11073339]
 [0.02201401]
 [0.09242292]
 [0.08831171]
 [0.21430842]
 [0.10175089]
 [0.01593356]
 [0.1431049 ]
 [0.05466191]
 [0.12932023]
 [0.17260893]
 [0.41752   ]
 [0.20373672]
 [0.10057626]
 [0.10230366]
 [0.16259   ]
 [0.10327101]
 [0.1758219 ]
 [0.03479679]
 [0.04529939]
 [0.12697097]
 [0.31024833]
 [0.06609731]
 [0.10990423]
 [0.02809447]
 [0.01969929]
 [0.06188245]
 [0.14127386]
 [0.0804693 ]
 [0.11221895]
 [0.05410914]
 [0.05106892]
 [0.04958335]
 [0.04526485]
 [0.05991322]
 [0.09715601]
 [0.0239487 ]
 [0.06882661]
 [0.08800077]
 [0.08033111]
 [0.08772439]
 [0.09090281]
 [0.03427857]
 [0.05061979]
 [0.29463262]
 [0.12921659]
 [0.29273247]
 [0.05642386]
 [0.03735334]
 [0.02204856]
 [0.37606235]
 [1.        ]
 [0.02501969]
 [0.08927905]
 [0.05490375]
 [0.14072109]
 [0.02156489]
 [0.05649296]
 [0.06115694]
 [0.14393405]
 [0.08523693]
 [0.08371682]
 [0.15384934]
 [0.09829609]
 [0.02159944]
 [0.04232826]
 [0.08976272]
 [0.14597239]
 [0.02802537]
 [0.04675041]
 [0.03362215]
 [0.11308265]
 [0.13439879]
 [0.00370355]
 [0.08651521]
 [0.58818733]
 [0.12745464]
 [0.00253928]
 [0.0848569 ]
 [0.06398988]
 [0.1520183 ]
 [0.05303815]
 [0.13436425]
 [0.05804762]
 [0.08896812]
 [0.00664013]
 [0.02681619]
 [0.03776792]
 [0.02868178]
 [0.37398947]
 [0.17205616]
 [0.02740351]
 [0.16504291]
 [0.11805757]
 [0.0434338 ]
 [0.11785028]
 [0.14307035]
 [0.08644611]
 [0.03735334]
 [0.08440778]
 [0.06091511]
 [0.14856349]
 [0.12475989]
 [0.09297569]
 [0.06861932]
 [0.05448917]
 [0.05825491]
 [0.11411909]
 [0.02629797]
 [0.05079253]
 [0.07003579]
 [0.12372345]
 [0.40300983]
 [0.13381148]
 [0.12662549]
 [0.13405331]
 [0.12845653]
 [0.10883324]
 [0.0470268 ]
 [0.06357531]
 [0.0698976 ]
 [0.0990216 ]
 [0.07725633]
 [0.05531833]
 [0.0196302 ]
 [0.06654644]
 [0.07977834]
 [0.08679159]
 [0.16314277]
 [0.04979064]
 [0.03997899]
 [0.05663115]
 [0.06882661]
 [0.09138648]
 [0.07013944]
 [0.07456159]
 [0.10496386]
 [0.09307934]
 [0.06440446]
 [0.0310656 ]
 [0.01607175]
 [0.26879068]
 [0.07573622]
 [0.10551663]
 [0.09207744]
 [0.04681951]
 [0.23009687]
 [0.05956773]
 [0.06526816]
 [0.14189572]
 [0.0195611 ]
 [0.21987065]
 [0.05068889]
 [0.05718392]
 [0.06219339]
 [0.15053273]
 [0.26827246]
 [0.17782568]
 [0.08513329]
 [0.03445131]
 [0.02360322]
 [0.17077788]
 [0.01555353]
 [0.02349958]
 [0.04851236]
 [0.08371682]
 [0.07304147]
 [0.04360654]
 [0.23199702]
 [0.01679726]
 [0.06640825]
 [0.12849108]
 [0.11629562]
 [0.06412808]
 [0.07279964]
 [0.02529608]
 [0.02698893]
 [0.00798751]
 [0.02412144]
 [0.08813897]
 [0.03835524]
 [0.03697332]
 [0.11007697]
 [0.09677598]
 [0.03870072]
 [0.24598897]
 [0.04098089]
 [0.194236  ]
 [0.07024308]
 [0.75885466]
 [0.06633915]
 [0.13236046]
 [0.03072012]
 [0.01717729]
 [0.03134198]
 [0.0875171 ]
 [0.06436991]
 [0.03669693]
 [0.0371806 ]
 [0.13446789]
 [0.12976936]
 [0.17388721]
 [0.08368227]
 [0.08692978]
 [0.04547213]
 [0.0583931 ]
 [0.04346835]
 [0.02318865]
 [0.04761411]
 [0.02647071]
 [0.        ]
 [0.12082141]
 [0.03652419]
 [0.20470406]
 [0.01551898]
 [0.00191396]
 [0.05376366]
 [0.24122134]
 [0.07138317]
 [0.23151334]
 [0.02398325]
 [0.07642718]
 [0.08464961]
 [0.04042812]
 [0.03072012]
 [0.05462736]
 [0.02971823]
 [0.0654409 ]
 [0.18283515]
 [0.07691085]
 [0.12704006]
 [0.03690422]
 [0.03921894]
 [0.04585216]
 [0.09805425]
 [0.1660448 ]
 [0.12265246]
 [0.06506087]
 [0.07680721]
 [0.08561696]
 [0.10834957]
 [0.06986305]
 [0.08268038]
 [0.07618534]
 [0.20256208]
 [0.06423172]
 [0.06523361]
 [0.07304147]
 [0.07666902]
 [0.06126059]
 [0.22232356]
 [0.08603154]
 [0.13723173]
 [0.135988  ]
 [0.11436093]
 [0.16652847]
 [0.04118818]
 [0.11328994]
 [0.06281525]
 [0.00563824]
 [0.03666238]
 [0.04277739]
 [0.03821704]
 [0.04073905]
 [0.03493498]
 [0.11715932]
 [0.03680057]
 [0.03137653]
 [0.10023078]
 [0.11021517]
 [0.0301328 ]
 [0.11995771]
 [0.02819811]
 [0.0442975 ]
 [0.09677598]
 [0.39057253]
 [0.02726532]
 [0.13726628]
 [0.12230698]
 [0.09763968]
 [0.03614416]
 [0.22329091]
 [0.20691514]
 [0.05936045]
 [0.06827384]
 [0.12876746]
 [0.03714606]
 [0.39506378]
 [0.1846662 ]
 [0.05099982]
 [0.20180203]
 [0.11529373]
 [0.10824593]
 [0.03120379]
 [0.01897378]
 [0.05421279]
 [0.1095933 ]
 [0.09128284]
 [0.07518345]
 [0.14524688]
 [0.03324213]
 [0.09708691]
 [0.03721515]
 [0.01855921]
 [0.06240067]
 [0.02508879]
 [0.23617733]
 [0.08433868]
 [0.04740682]
 [0.02640161]
 [0.04502301]
 [0.12742009]
 [0.1077968 ]
 [0.02954549]
 [0.04757956]
 [0.12766193]
 [0.16998328]
 [0.12158147]
 [0.04025538]
 [0.08444233]
 [0.15716595]
 [0.03756063]
 [0.10575847]
 [0.11505189]
 [0.05238174]
 [0.13595346]
 [0.06202065]
 [0.05120711]
 [0.0098531 ]
 [0.16891229]
 [0.17654741]
 [0.10745132]
 [0.12507082]
 [0.04398657]
 [0.06741014]
 [0.05124166]
 [0.06685737]
 [0.04944516]
 [0.04177549]
 [0.14099747]
 [0.09826154]
 [0.05766759]
 [0.12427622]
 [0.05324544]
 [0.09601592]
 [0.05739121]
 [0.0371806 ]
 [0.04947971]
 [0.04526485]
 [0.27742769]
 [0.03151472]
 [0.11771209]
 [0.09218109]
 [0.02567611]
 [0.07221232]
 [0.04260465]
 [0.03224023]
 [0.02139215]
 [0.04744137]
 [0.12168512]
 [0.12655639]
 [0.03445131]
 [0.06471539]
 [0.02685074]
 [0.25006564]
 [0.08067659]
 [0.07200503]
 [0.35947929]
 [0.14932355]
 [0.1042729 ]
 [0.10323646]
 [0.0512762 ]
 [0.07742907]
 [0.13049487]
 [0.04816688]
 [0.06388624]
 [0.04146456]
 [0.09394304]
 [0.18863922]
 [0.03327667]
 [0.04567942]
 [0.06537181]
 [0.02173763]
 [0.0470268 ]
 [0.30168042]
 [0.01120048]
 [0.08002018]
 [0.08008927]
 [0.02781808]
 [0.05196717]
 [0.0143098 ]
 [0.10714039]
 [0.13564252]
 [0.06240067]
 [0.03168746]
 [0.09218109]
 [0.02232495]
 [0.15063637]
 [0.09784697]
 [0.08091843]
 [0.21074997]
 [0.05476556]
 [0.06917209]
 [0.33011346]
 [0.36569794]
 [0.1008181 ]
 [0.25628429]
 [0.05784033]
 [0.17637467]
 [0.20477316]
 [0.03054738]
 [0.10745132]
 [0.0478905 ]
 [0.02843995]
 [0.01113138]
 [0.06322983]
 [0.08623882]
 [0.0830604 ]
 [0.09446126]
 [0.10385833]
 [0.13353509]
 [0.04837417]
 [0.09853793]
 [0.08979727]
 [0.10468748]
 [0.03082376]
 [0.01627904]
 [0.16006799]
 [0.04626674]
 [0.04916877]
 [0.06136423]
 [0.02771444]
 [0.06302254]
 [0.09117919]
 [0.0619861 ]
 [0.09884886]
 [0.17029421]
 [0.20650056]
 [0.22995868]
 [0.15951522]
 [0.1802095 ]
 [0.05980957]
 [0.01548443]
 [0.09342482]
 [0.05832401]
 [0.05911861]
 [0.17257438]
 [0.11259898]
 [0.07193593]
 [0.04605945]
 [0.13225682]
 [0.02871633]
 [0.12880201]
 [0.06585548]
 [0.13968465]
 [0.04778685]
 [0.0839241 ]
 [0.12130509]
 [0.13277504]
 [0.15232923]
 [0.03034009]
 [0.18128049]
 [0.1837334 ]
 [0.11553556]
 [0.05538742]
 [0.10354739]
 [0.18276605]
 [0.06523361]]","[[0.60113584]
 [0.34755332]
 [0.48358978]
 [0.9154725 ]
 [0.4373638 ]
 [0.71273856]
 [0.48226904]
 [0.62226771]
 [0.6546259 ]
 [0.75368157]
 [0.30991217]
 [0.45189196]
 [0.21481873]
 [0.27689361]
 [0.6202866 ]
 [0.63811662]
 [0.4967972 ]
 [0.71141782]
 [0.52849501]
 [0.48094829]
 [0.39642079]
 [0.40434524]
 [0.44792974]
 [0.45519382]
 [0.72198375]
 [0.55028726]
 [0.53707984]
 [0.41359044]
 [0.61368289]
 [0.35877963]
 [0.51462722]
 [0.61104141]
 [0.60906029]
 [0.5265139 ]
 [0.48491052]
 [0.56217394]
 [0.48491052]
 [0.1706399 ]
 [0.14990425]
 [0.59321138]
 [0.25245988]
 [0.79066235]
 [0.35349667]
 [0.54038169]
 [0.52255167]
 [0.63877699]
 [0.38651522]
 [0.7094367 ]
 [0.51660833]
 [0.29736512]
 [0.24651654]
 [0.24915803]
 [0.28547844]
 [0.37528891]
 [0.44726937]
 [0.35481741]
 [0.60245658]
 [0.43340157]
 [0.20425279]
 [0.67443703]
 [0.37198706]
 [0.61236215]
 [0.61302252]
 [0.17955491]
 [0.75236083]
 [0.61830549]
 [0.55226837]
 [0.38189262]
 [0.50868388]
 [0.38585485]
 [0.31783662]
 [0.32708182]
 [0.57670211]
 [0.46179753]
 [0.30661031]
 [0.52057056]
 [0.48821238]
 [0.5060424 ]
 [0.61236215]
 [0.38123225]
 [0.55821171]
 [0.54434392]
 [0.56877765]
 [0.44925048]
 [0.43934491]
 [0.45321271]
 [0.39245856]
 [0.35481741]
 [0.39113782]
 [0.3733078 ]
 [0.26632768]
 [0.36010038]
 [0.19434722]
 [0.41425081]
 [0.55424949]
 [0.31585551]
 [0.28283695]
 [0.39906227]
 [0.47500495]
 [0.47500495]
 [0.36538335]
 [0.57604174]
 [0.27161065]
 [0.55953246]
 [0.33500627]
 [0.75962491]
 [0.64472033]
 [0.31189328]
 [0.65330516]
 [0.65198442]
 [0.49877831]
 [0.37991151]
 [0.12097999]
 [0.38849633]
 [0.66849369]
 [0.52057056]
 [0.30859143]
 [0.77019085]
 [0.75500231]
 [0.23793172]
 [0.55226837]
 [0.52255167]
 [0.6500033 ]
 [0.39708116]
 [0.20689427]
 [0.29406326]
 [0.5014198 ]
 [0.20425279]
 [0.44528825]
 [0.37198706]
 [0.47236347]
 [0.55094763]
 [0.45123159]
 [0.33764776]
 [0.49745757]
 [0.4670805 ]
 [0.36934557]
 [0.31585551]
 [0.46179753]
 [0.4327412 ]
 [0.34491184]
 [0.39774153]
 [0.46311827]
 [0.39642079]
 [0.2405732 ]
 [0.47038235]
 [0.44462788]
 [0.18840388]
 [0.39906227]
 [0.17130027]
 [0.38651522]
 [0.60641881]
 [0.38321337]
 [0.41557155]
 [0.5060424 ]
 [0.33368553]
 [0.46642013]
 [0.1094235 ]
 [0.37198706]
 [0.30330846]
 [0.42679786]
 [0.27227102]
 [0.47962755]
 [0.48887275]
 [0.34094961]
 [0.2201017 ]
 [0.47830681]
 [0.30132735]
 [0.43868454]
 [0.33302516]
 [0.44462788]
 [0.45519382]
 [0.54104207]
 [0.33302516]
 [0.2405732 ]
 [0.29736512]
 [0.38915671]
 [0.46443901]
 [0.06656541]
 [0.29736512]
 [0.50208017]
 [0.51462722]
 [0.46377864]
 [0.2702899 ]
 [0.38915671]
 [0.53443835]
 [0.34491184]
 [0.40368487]
 [0.42547712]
 [0.25378062]
 [0.54236281]
 [0.14997028]
 [0.        ]
 [0.70877633]
 [0.39906227]
 [0.254441  ]
 [0.67707852]
 [0.11259328]
 [0.4030245 ]
 [0.55490986]
 [0.47368421]
 [0.4419864 ]
 [0.54434392]
 [1.        ]
 [0.4717031 ]
 [0.51462722]
 [0.46443901]
 [0.26368619]
 [0.42085452]
 [0.33698739]
 [0.30793106]
 [0.37528891]
 [0.2841577 ]
 [0.35085518]
 [0.55953246]
 [0.49415572]
 [0.4578353 ]
 [0.15914944]
 [0.423496  ]
 [0.45981642]
 [0.39576042]
 [0.43868454]
 [0.45849567]
 [0.55490986]
 [0.37264743]
 [0.38651522]
 [0.41557155]
 [0.28019547]
 [0.34028924]
 [0.70349336]
 [0.6546259 ]
 [0.13775342]
 [0.18998877]
 [0.33764776]
 [0.52321205]
 [0.37991151]
 [0.50802351]
 [0.34094961]
 [0.24387506]
 [0.43142046]
 [0.37396817]
 [0.21481873]
 [0.41953378]
 [0.14864954]
 [0.49613683]
 [0.53047613]
 [0.25708248]
 [0.35811926]
 [0.51991019]
 [0.44726937]
 [0.3297233 ]
 [0.31123291]
 [0.6592485 ]
 [0.46509939]
 [0.51858945]
 [0.52849501]
 [0.37594928]
 [0.69556891]
 [0.52321205]
 [0.7734927 ]
 [0.53509873]
 [0.34887407]
 [0.27887473]
 [0.24585617]
 [0.55887209]
 [0.45519382]
 [0.33104405]
 [0.19368685]
 [0.35944001]
 [0.41160932]
 [0.09575381]
 [0.42679786]
 [0.37000594]
 [0.49877831]
 [0.3984019 ]
 [0.42745823]
 [0.36142112]
 [0.35085518]
 [0.22340355]
 [0.31255366]
 [0.70679522]
 [0.21415836]
 [0.53245724]
 [0.43142046]
 [0.18549825]
 [0.2154791 ]
 [0.26698805]
 [0.16502675]
 [0.20887539]
 [0.26830879]
 [0.18926237]
 [0.39708116]
 [0.50934425]
 [0.43406194]
 [0.38717559]
 [0.30264809]
 [0.14495146]
 [0.28085584]
 [0.1537344 ]
 [0.28481807]
 [0.51726871]
 [0.22340355]
 [0.41953378]
 [0.46311827]
 [0.28547844]
 [0.16033811]
 [0.2749125 ]
 [0.18120584]
 [0.12586674]
 [0.20095093]
 [0.33764776]
 [0.19764908]
 [0.318497  ]
 [0.25113914]
 [0.41953378]
 [0.25906359]
 [0.19104537]
 [0.47698607]
 [0.33632702]
 [0.08531995]
 [0.45585419]
 [0.22604504]
 [0.551608  ]
 [0.5813247 ]
 [0.35944001]
 [0.44396751]
 [0.37594928]
 [0.19896982]
 [0.58000396]
 [0.4717031 ]
 [0.47764644]
 [0.38057188]
 [0.47038235]
 [0.3000066 ]
 [0.33698739]
 [0.48689163]
 [0.2841577 ]
 [0.51924982]
 [0.45585419]
 [0.53047613]
 [0.38453411]
 [0.34425147]
 [0.46642013]
 [0.3343459 ]
 [0.49415572]
 [0.4281186 ]
 [0.38123225]
 [0.33566664]
 [0.54104207]
 [0.38387374]
 [0.18761144]
 [0.55358912]
 [0.54038169]
 [0.62622994]
 [0.11536684]
 [0.25378062]
 [0.41689229]
 [0.29142178]
 [0.20029056]
 [0.41028858]
 [0.14369676]
 [0.28283695]
 [0.38717559]
 [0.41359044]
 [0.33104405]
 [0.40632636]
 [0.37396817]
 [0.43340157]
 [0.43009972]
 [0.38453411]
 [0.46443901]
 [0.27359176]
 [0.31717625]
 [0.56151357]
 [0.25972396]
 [0.34557221]
 [0.28481807]
 [0.26170508]
 [0.37198706]
 [0.97226441]
 [0.59321138]
 [0.25312025]
 [0.11107442]
 [0.47236347]
 [0.3000066 ]
 [0.39642079]
 [0.20755465]
 [0.09027273]
 [0.25774285]
 [0.35613815]
 [0.41689229]
 [0.49415572]
 [0.64009773]
 [0.5218913 ]
 [0.47566532]
 [0.23396949]
 [0.47302384]
 [0.1596117 ]
 [0.26962953]
 [0.35151555]
 [0.76688899]
 [0.4373638 ]
 [0.14607409]
 [0.30396883]
 [0.22208281]
 [0.43009972]
 [0.32642145]
 [0.1508948 ]
 [0.50868388]
 [0.34887407]
 [0.48953312]
 [0.43406194]
 [0.24717691]
 [0.24123357]
 [0.28811992]
 [0.4717031 ]
 [0.53774021]
 [0.53179687]
 [0.39774153]
 [0.37660965]
 [0.35481741]
 [0.39642079]
 [0.46443901]
 [0.28745955]
 [0.45321271]
 [0.27359176]
 [0.40632636]
 [0.39047745]
 [0.21019613]
 [0.23529023]
 [0.4670805 ]
 [0.487552  ]
 [0.6295318 ]
 [0.44792974]
 [0.3343459 ]
 [0.5951925 ]
 [0.33170442]
 [0.31915737]
 [0.26830879]
 [0.21283761]
 [0.44859011]
 [0.47830681]
 [0.23793172]
 [0.17678135]
 [0.3640626 ]
 [0.39576042]
 [0.45519382]
 [0.33962887]
 [0.24915803]
 [0.43340157]
 [0.15452684]
 [0.53906095]
 [0.32774219]
 [0.41953378]
 [0.3389685 ]
 [0.30396883]
 [0.45849567]
 [0.38123225]
 [0.3343459 ]
 [0.26302582]
 [0.58660767]
 [0.42613749]
 [0.20161131]
 [0.41623192]
 [0.37660965]
 [0.32311959]
 [0.42217526]
 [0.44660899]
 [0.32708182]
 [0.70547448]
 [0.34491184]
 [0.21746021]
 [0.23330912]
 [0.15221555]
 [0.40962821]
 [0.40566598]
 [0.29142178]
 [0.14970613]
 [0.42283563]
 [0.43934491]
 [0.32774219]
 [0.23264875]
 [0.44991085]
 [0.32179885]
 [0.54764578]
 [0.30594994]
 [0.2841577 ]
 [0.52981576]
 [0.53774021]
 [0.19632834]
 [0.35944001]
 [0.18127187]
 [0.39443968]
 [0.15333818]
 [0.26830879]
 [0.33302516]
 [0.54236281]
 [0.37264743]
 [0.4624579 ]
 [0.4967972 ]
 [0.2795351 ]
 [0.71471967]
 [0.57340025]
 [0.32179885]
 [0.78603975]
 [0.85471835]
 [0.45585419]
 [0.62755068]
 [0.42415638]
 [0.67377666]
 [0.23859209]
 [0.28217658]
 [0.56943802]
 [0.33764776]
 [0.35283629]
 [0.50934425]
 [0.51528759]
 [0.46575976]
 [0.49151423]
 [0.50406128]
 [0.75170046]
 [0.41623192]
 [0.26170508]
 [0.47104273]
 [0.4670805 ]
 [0.61368289]
 [0.60245658]
 [0.38321337]
 [0.45057122]
 [0.53443835]
 [0.42085452]
 [0.55358912]
 [0.36472297]
 [0.254441  ]
 [0.47302384]
 [0.36736446]
 [0.44132603]
 [0.69755002]
 [0.35944001]
 [0.58396619]
 [0.41821304]
 [0.41491118]
 [0.23000726]
 [0.23793172]
 [0.36472297]
 [0.33302516]
 [0.37859077]
 [0.49481609]
 [0.32179885]
 [0.32510071]
 [0.19104537]
 [0.24783728]
 [0.34491184]
 [0.25840322]
 [0.34028924]
 [0.44396751]
 [0.36538335]
 [0.23859209]
 [0.20755465]
 [0.38717559]
 [0.34953444]
 [0.14197979]
 [0.46575976]
 [0.45915605]
 [0.46113716]
 [0.3000066 ]
 [0.28217658]
 [0.61962623]
 [0.12408374]]","[[0.13568182]
 [0.0469697 ]
 [0.09676768]
 [0.14295455]
 [0.14363636]
 [0.09272727]
 [0.05691919]
 [0.06282828]
 [0.08972222]
 [0.1955303 ]
 [0.02780303]
 [0.0704798 ]
 [0.22449495]
 [0.12755051]
 [0.13891414]
 [0.11972222]
 [0.05045455]
 [0.08050505]
 [0.08563131]
 [0.06027778]
 [0.04287879]
 [0.05012626]
 [0.16277778]
 [0.04330808]
 [0.06921717]
 [0.09424242]
 [0.06770202]
 [0.12830808]
 [0.09030303]
 [0.08603535]
 [0.13121212]
 [0.10618687]
 [0.12732323]
 [0.08830808]
 [0.06727273]
 [0.09330808]
 [0.12159091]
 [0.03391414]
 [0.04590909]
 [0.07699495]
 [0.03510101]
 [0.0655303 ]
 [0.2455303 ]
 [0.05517677]
 [0.03666667]
 [0.14025253]
 [0.04010101]
 [0.07335859]
 [0.05863636]
 [0.05290404]
 [0.02949495]
 [0.02724747]
 [0.03310606]
 [0.07113636]
 [0.0404798 ]
 [0.03406566]
 [0.07436869]
 [0.06494949]
 [0.00174747]
 [0.05002525]
 [0.01935606]
 [0.07575758]
 [0.17421717]
 [0.10888889]
 [0.07507576]
 [0.0584596 ]
 [0.04328283]
 [0.05209596]
 [0.76717172]
 [0.04002525]
 [0.05729798]
 [0.14320707]
 [0.10737374]
 [0.04441919]
 [0.04611111]
 [0.08838384]
 [0.02934343]
 [0.11762626]
 [0.27550505]
 [0.05229798]
 [0.06530303]
 [0.10050505]
 [0.14469697]
 [0.05388889]
 [0.05068182]
 [0.07085859]
 [0.13563131]
 [0.09368687]
 [0.06825758]
 [0.1120202 ]
 [0.02830808]
 [0.11441919]
 [0.03429293]
 [0.04727273]
 [0.12290404]
 [0.10686869]
 [0.02856061]
 [0.01340404]
 [0.04275253]
 [0.08386364]
 [0.06684343]
 [0.        ]
 [0.02699495]
 [0.0764899 ]
 [0.07272727]
 [0.13820707]
 [0.07436869]
 [0.0294697 ]
 [0.26262626]
 [0.06169192]
 [0.06873737]
 [0.12881313]
 [0.36237374]
 [0.11593434]
 [0.08229798]
 [0.04633838]
 [0.23391414]
 [0.07603535]
 [0.15025253]
 [0.05785354]
 [0.03823232]
 [0.08439394]
 [0.32272727]
 [0.07277778]
 [0.12517677]
 [0.02304798]
 [0.04535354]
 [0.1020202 ]
 [0.08090909]
 [0.12007576]
 [0.02570707]
 [0.07103535]
 [0.05603535]
 [0.04237374]
 [0.07209596]
 [0.05888889]
 [0.06722222]
 [0.03621212]
 [0.16608586]
 [0.05522727]
 [0.        ]
 [0.07744949]
 [0.02924242]
 [0.03813131]
 [0.0509596 ]
 [0.07042929]
 [0.11739899]
 [0.13391414]
 [0.07863636]
 [0.04494949]
 [0.04921717]
 [0.19578283]
 [1.        ]
 [0.03020202]
 [0.07694444]
 [0.05035354]
 [0.13146465]
 [0.07717172]
 [0.02106566]
 [0.00463384]
 [0.10522727]
 [0.10969697]
 [0.10174242]
 [0.07891414]
 [0.07126263]
 [0.02087879]
 [0.02775253]
 [0.06631313]
 [0.11727273]
 [0.01837374]
 [0.0425    ]
 [0.05431818]
 [0.10866162]
 [0.03669192]
 [0.        ]
 [0.        ]
 [0.30227273]
 [0.13563131]
 [0.00402778]
 [0.01560606]
 [0.0785101 ]
 [0.09777778]
 [0.04934343]
 [0.14936869]
 [0.04479798]
 [0.00403283]
 [0.03565657]
 [0.04994949]
 [0.03929293]
 [0.0534596 ]
 [0.29444444]
 [0.05494949]
 [0.        ]
 [0.09502525]
 [0.14017677]
 [0.05861111]
 [0.11780303]
 [0.15429293]
 [0.06833333]
 [0.05050505]
 [0.03537879]
 [0.0685101 ]
 [0.22621212]
 [0.07858586]
 [0.06820707]
 [0.0514899 ]
 [0.02013889]
 [0.04914141]
 [0.06378788]
 [0.0464899 ]
 [0.13861111]
 [0.05164141]
 [0.16133838]
 [0.36313131]
 [0.09313131]
 [0.09871212]
 [0.15015152]
 [0.14580808]
 [0.0870202 ]
 [0.06727273]
 [0.04171717]
 [0.06424242]
 [0.02155051]
 [0.06020202]
 [0.05704545]
 [0.05959596]
 [0.00711364]
 [0.0920202 ]
 [0.07616162]
 [0.11825758]
 [0.07714646]
 [0.04123737]
 [0.00813889]
 [0.08729798]
 [0.02994949]
 [0.01843939]
 [0.11356061]
 [0.1075    ]
 [0.09722222]
 [0.06570707]
 [0.04570707]
 [0.01639646]
 [0.22424242]
 [0.08512626]
 [0.09886364]
 [0.04709596]
 [0.07775253]
 [0.2060101 ]
 [0.02729798]
 [0.05315657]
 [0.24035354]
 [0.03143939]
 [0.17171717]
 [0.05888889]
 [0.06941919]
 [0.07876263]
 [0.09755051]
 [0.12583333]
 [0.20787879]
 [0.07295455]
 [0.0534596 ]
 [0.03146465]
 [0.11712121]
 [0.03310606]
 [0.05171717]
 [0.05411616]
 [0.08469697]
 [0.07825758]
 [0.06537879]
 [0.18532828]
 [0.01218687]
 [0.03237374]
 [0.15982323]
 [0.02107828]
 [0.0409596 ]
 [0.03199495]
 [0.00375505]
 [0.06623737]
 [0.02689394]
 [0.03679293]
 [0.10070707]
 [0.03823232]
 [0.07724747]
 [0.09777778]
 [0.20017677]
 [0.00469697]
 [0.11078283]
 [0.04171717]
 [0.2045202 ]
 [0.03474747]
 [0.25151515]
 [0.03878788]
 [0.05896465]
 [0.03565657]
 [0.01657576]
 [0.01078788]
 [0.02707071]
 [0.03212121]
 [0.02724747]
 [0.04699495]
 [0.14237374]
 [0.1189899 ]
 [0.19315657]
 [0.04565657]
 [0.05608586]
 [0.04030303]
 [0.00284848]
 [0.00929545]
 [0.00512626]
 [0.00714899]
 [0.02631313]
 [0.01344697]
 [0.07921717]
 [0.02532828]
 [0.        ]
 [0.00661616]
 [0.02835859]
 [0.06080808]
 [0.25934343]
 [0.02514899]
 [0.10111111]
 [0.06679293]
 [0.0480303 ]
 [0.08055556]
 [0.0265404 ]
 [0.03356061]
 [0.01443687]
 [0.0029899 ]
 [0.0820202 ]
 [0.14744949]
 [0.09381313]
 [0.11093434]
 [0.00832576]
 [0.00245884]
 [0.01768687]
 [0.11368687]
 [0.07861111]
 [0.09883838]
 [0.04267677]
 [0.09045455]
 [0.0969697 ]
 [0.1269697 ]
 [0.06964646]
 [0.10972222]
 [0.04169192]
 [0.06593434]
 [0.01472727]
 [0.04684343]
 [0.02373737]
 [0.01973737]
 [0.01502273]
 [0.25133838]
 [0.10772727]
 [0.1240404 ]
 [0.11376263]
 [0.15835859]
 [0.12909091]
 [0.01326768]
 [0.08116162]
 [0.05929293]
 [0.00200227]
 [0.04532828]
 [0.03861111]
 [0.04626263]
 [0.03664141]
 [0.05997475]
 [0.14909091]
 [0.05050505]
 [0.05292929]
 [0.09030303]
 [0.15333333]
 [0.03916667]
 [0.08679293]
 [0.06770202]
 [0.0295202 ]
 [0.04926768]
 [0.38762626]
 [0.0189596 ]
 [0.06169192]
 [0.11585859]
 [0.05305556]
 [0.0435101 ]
 [0.10871212]
 [0.12012626]
 [0.07141414]
 [0.08558081]
 [0.10969697]
 [0.05020202]
 [0.23919192]
 [0.18861111]
 [0.02145455]
 [0.        ]
 [0.12555556]
 [0.11914141]
 [0.0465404 ]
 [0.02858586]
 [0.08343434]
 [0.11477273]
 [0.0489899 ]
 [0.0525    ]
 [0.15568182]
 [0.03474747]
 [0.08717172]
 [0.04073232]
 [0.03300505]
 [0.05025253]
 [0.04623737]
 [0.13068182]
 [0.06335859]
 [0.05199495]
 [0.02936869]
 [0.02666667]
 [0.09431818]
 [0.08363636]
 [0.06285354]
 [0.04116162]
 [0.0345202 ]
 [0.1134596 ]
 [0.02291667]
 [0.01760606]
 [0.11229798]
 [0.13328283]
 [0.06643939]
 [0.09265152]
 [0.01520455]
 [0.00523737]
 [0.13290404]
 [0.0755303 ]
 [0.02373232]
 [0.01359343]
 [0.20015152]
 [0.12275253]
 [0.14005051]
 [0.13436869]
 [0.03689394]
 [0.05517677]
 [0.01784343]
 [0.04060606]
 [0.01467677]
 [0.02326515]
 [0.16237374]
 [0.12479798]
 [0.01954798]
 [0.05032828]
 [0.07512626]
 [0.05893939]
 [0.09335859]
 [0.04439394]
 [0.08532828]
 [0.08042929]
 [0.16825758]
 [0.12391414]
 [0.07426768]
 [0.04078283]
 [0.03171717]
 [0.0200404 ]
 [0.10795455]
 [0.03813131]
 [0.01434596]
 [0.03661616]
 [0.06871212]
 [0.20340909]
 [0.04977273]
 [0.05252525]
 [0.03949495]
 [0.19401515]
 [0.1165404 ]
 [0.02603535]
 [0.16643939]
 [0.12527778]
 [0.06853535]
 [0.03699495]
 [0.05833333]
 [0.        ]
 [0.06962121]
 [0.08378788]
 [0.07123737]
 [0.0250101 ]
 [0.10494949]
 [0.20401515]
 [0.03527778]
 [0.03863636]
 [0.03368687]
 [0.04287879]
 [0.08424242]
 [0.28131313]
 [0.04545455]
 [0.10747475]
 [0.04674242]
 [0.03593434]
 [0.02376263]
 [0.02911616]
 [0.09436869]
 [0.01620202]
 [0.03386364]
 [0.05436869]
 [0.06656566]
 [0.0339899 ]
 [0.11199495]
 [0.10257576]
 [0.05040404]
 [0.08777778]
 [0.06502525]
 [0.10040404]
 [0.08795455]
 [0.13103535]
 [0.10015152]
 [0.04545455]
 [0.06237374]
 [0.15199495]
 [0.10143939]
 [0.03742424]
 [0.08717172]
 [0.07664141]
 [0.07492424]
 [0.05300505]
 [0.07356061]
 [0.07707071]
 [0.0354798 ]
 [0.04992424]
 [0.0554798 ]
 [0.09017677]
 [0.00971212]
 [0.05267677]
 [0.02681818]
 [0.0454798 ]
 [0.03810606]
 [0.02205051]
 [0.12027778]
 [0.04540404]
 [0.04386364]
 [0.04646465]
 [0.01787374]
 [0.10335859]
 [0.11113636]
 [0.10113636]
 [0.11729798]
 [0.04709596]
 [0.        ]
 [0.23363636]
 [0.14022727]
 [0.09669192]
 [0.04916667]
 [0.03782828]
 [0.06603535]
 [0.05103535]
 [0.02555556]
 [0.06598485]
 [0.05901515]
 [0.03224747]
 [0.        ]
 [0.08699495]
 [0.03353535]
 [0.10090909]
 [0.09843434]
 [0.12131313]
 [0.0105404 ]
 [0.        ]
 [0.16611111]
 [0.14489899]
 [0.05229798]
 [0.        ]
 [0.18583333]
 [0.19810606]
 [0.13126263]
 [0.09974747]
 [0.11944444]
 [0.17972222]
 [0.        ]]"
